MT,
     StaID,        Freq[Hz],     Re(Zxx)_Cal,     Im(Zxx)_Cal,     Re(Zxy)_Cal,     Im(Zxy)_Cal,     Re(Zyx)_Cal,     Im(Zyx)_Cal,     Re(Zyy)_Cal,     Im(Zyy)_Cal,     Re(Zxx)_Res,     Im(Zxx)_Res,     Re(Zxy)_Res,     Im(Zxy)_Res,     Re(Zyx)_Res,     Im(Zyx)_Res,     Re(Zyy)_Res,     Im(Zyy)_Res,     Re(Zxx)_Obs,     Im(Zxx)_Obs,     Re(Zxy)_Obs,     Im(Zxy)_Obs,     Re(Zyx)_Obs,     Im(Zyx)_Obs,     Re(Zyy)_Obs,     Im(Zyy)_Obs,      Re(Zxx)_SD,      Im(Zxx)_SD,      Re(Zxy)_SD,      Im(Zxy)_SD,      Re(Zyx)_SD,      Im(Zyx)_SD,      Re(Zyy)_SD,      Im(Zyy)_SD,
         1,    1.000000e-03,   -6.754812e-05,    5.295464e-05,    5.567222e-04,   -6.084824e-04,   -5.580268e-04,    6.099770e-04,    7.679263e-05,   -6.173356e-05,   -6.182351e-01,    3.969765e-01,    1.136312e+00,    6.382352e-02,   -1.088788e+00,   -9.172759e-02,    6.593332e-01,   -4.316183e-01,   -9.401600e-05,    6.995000e-05,    6.053700e-04,   -6.057500e-04,   -6.046400e-04,    6.060500e-04,    1.050200e-04,   -8.021200e-05,    4.281200e-05,    4.281200e-05,    4.281200e-05,    4.281200e-05,    4.281200e-05,    4.281200e-05,    4.281200e-05,    4.281200e-05,
         1,    1.000000e-02,   -2.033817e-04,    4.135271e-05,    1.904233e-03,   -1.972867e-03,   -1.904118e-03,    1.980080e-03,    2.326291e-04,   -6.330681e-05,   -4.658067e-01,    1.566599e-01,   -4.333933e-02,    5.057762e-01,    6.998048e-02,   -4.828359e-01,    4.865572e-01,   -1.884544e-01,   -2.660700e-04,    6.243600e-05,    1.898400e-03,   -1.904800e-03,   -1.894700e-03,    1.915100e-03,    2.981100e-04,   -8.866900e-05,    1.345800e-04,    1.345800e-04,    1.345800e-04,    1.345800e-04,    1.345800e-04,    1.345800e-04,    1.345800e-04,    1.345800e-04,
         1,    1.000000e-01,   -1.091086e-04,   -2.476544e-04,    5.871285e-03,   -6.967681e-03,   -5.849253e-03,    7.109480e-03,    1.512218e-04,    1.676320e-04,   -1.583802e-01,   -1.757911e-01,   -3.519647e-01,   -5.929620e-02,    3.325098e-01,    5.026557e-02,    2.160188e-01,    1.370060e-01,   -1.810100e-04,   -3.274600e-04,    5.711500e-03,   -6.994600e-03,   -5.698300e-03,    7.132300e-03,    2.492900e-04,    2.298300e-04,    4.539800e-04,    4.539800e-04,    4.539800e-04,    4.539800e-04,    4.539800e-04,    4.539800e-04,    4.539800e-04,    4.539800e-04,
         1,    1.000000e+00,    1.139212e-04,   -1.212168e-03,    2.032602e-02,   -2.515046e-02,   -2.036874e-02,    2.694939e-02,    3.338657e-04,    7.661975e-04,   -1.657191e-03,    1.068139e-02,    1.803894e-03,   -1.665057e-02,   -7.413049e-03,    2.273562e-02,    3.269107e-02,   -1.279092e-02,    1.111800e-04,   -1.194500e-03,    2.032900e-02,   -2.517800e-02,   -2.038100e-02,    2.698700e-02,    3.879400e-04,    7.450400e-04,    1.654100e-03,    1.654100e-03,    1.654100e-03,    1.654100e-03,    1.654100e-03,    1.654100e-03,    1.654100e-03,    1.654100e-03,
         2,    1.000000e-03,   -6.483975e-05,    5.070866e-05,    5.507683e-04,   -6.034436e-04,   -4.985374e-04,    5.620003e-04,    7.036858e-05,   -5.425560e-05,   -7.539264e-01,    4.789522e-01,    1.268399e+00,    4.912127e-02,   -7.183683e-01,   -4.044583e-01,    6.301812e-01,   -4.091395e-01,   -9.513100e-05,    6.995200e-05,    6.017300e-04,   -6.014700e-04,   -5.274000e-04,    5.457500e-04,    9.568800e-05,   -7.069400e-05,    4.017800e-05,    4.017800e-05,    4.017800e-05,    4.017800e-05,    4.017800e-05,    4.017800e-05,    4.017800e-05,    4.017800e-05,
         2,    1.000000e-02,   -1.989248e-04,    3.801490e-05,    1.877394e-03,   -1.965724e-03,   -1.717244e-03,    1.930244e-03,    2.155578e-04,   -3.413463e-05,   -5.541948e-01,    1.454574e-01,    1.172762e-02,    6.285461e-01,    3.919969e-01,   -7.408214e-01,    4.413468e-01,   -1.834958e-01,   -2.701000e-04,    5.669600e-05,    1.878900e-03,   -1.885000e-03,   -1.666900e-03,    1.835100e-03,    2.722400e-04,   -5.770100e-05,    1.284300e-04,    1.284300e-04,    1.284300e-04,    1.284300e-04,    1.284300e-04,    1.284300e-04,    1.284300e-04,    1.284300e-04,
         2,    1.000000e-01,   -1.599994e-04,   -3.745684e-04,    5.694278e-03,   -7.279612e-03,   -5.577160e-03,    7.530723e-03,    1.672272e-04,    4.726764e-04,   -1.639392e-01,   -2.252867e-01,   -5.544482e-01,    1.067610e-01,    6.793354e-01,    3.216650e-02,    2.354807e-01,    6.060788e-02,   -2.348000e-04,   -4.773600e-04,    5.441300e-03,   -7.230900e-03,   -5.267200e-03,    7.545400e-03,    2.746700e-04,    5.003300e-04,    4.562700e-04,    4.562700e-04,    4.562700e-04,    4.562700e-04,    4.562700e-04,    4.562700e-04,    4.562700e-04,    4.562700e-04,
         2,    1.000000e+00,   -2.018788e-04,   -2.828226e-03,    2.006174e-02,   -2.903535e-02,   -1.993707e-02,    3.087716e-02,    3.052007e-04,    3.751437e-03,    3.577980e-02,   -6.089514e-03,   -1.095532e-02,   -1.756278e-02,   -1.771675e-02,    1.434042e-02,    3.189017e-02,   -2.671150e-02,   -1.374000e-04,   -2.839200e-03,    2.004200e-02,   -2.906700e-02,   -1.996900e-02,    3.090300e-02,    3.626700e-04,    3.703300e-03,    1.802100e-03,    1.802100e-03,    1.802100e-03,    1.802100e-03,    1.802100e-03,    1.802100e-03,    1.802100e-03,    1.802100e-03,
         3,    1.000000e-03,   -2.988071e-05,    1.872289e-05,    5.564365e-04,   -6.084850e-04,   -4.420748e-04,    5.121054e-04,    4.395564e-05,   -3.430986e-05,   -4.740855e-01,    2.910552e-01,    1.362472e+00,    5.841931e-02,   -1.811147e-01,   -8.281096e-01,    3.801129e-01,   -2.478879e-01,   -4.769400e-05,    2.965900e-05,    6.076300e-04,   -6.062900e-04,   -4.488800e-04,    4.809900e-04,    5.823800e-05,   -4.362400e-05,    3.757400e-05,    3.757400e-05,    3.757400e-05,    3.757400e-05,    3.757400e-05,    3.757400e-05,    3.757400e-05,    3.757400e-05,
         3,    1.000000e-02,   -9.068311e-05,   -2.700040e-05,    1.890418e-03,   -1.974825e-03,   -1.536577e-03,    1.841839e-03,    1.344166e-04,   -2.712221e-05,   -3.392195e-01,    4.003271e-02,    9.659488e-03,    6.858836e-01,    8.285180e-01,   -1.006368e+00,    2.523978e-01,   -1.241484e-01,   -1.321900e-04,   -2.210200e-05,    1.891600e-03,   -1.890900e-03,   -1.435200e-03,    1.718700e-03,    1.653000e-04,   -4.231300e-05,    1.223600e-04,    1.223600e-04,    1.223600e-04,    1.223600e-04,    1.223600e-04,    1.223600e-04,    1.223600e-04,    1.223600e-04,
         3,    1.000000e-01,   -4.034671e-05,   -5.815178e-04,    5.634962e-03,   -7.459335e-03,   -5.257378e-03,    7.601618e-03,    7.337144e-05,    2.408009e-04,   -4.630529e-02,   -1.833730e-01,   -6.165038e-01,    1.007495e-01,    1.004027e+00,    5.679504e-02,    1.666231e-01,   -9.386337e-03,   -6.136700e-05,   -6.647600e-04,    5.355100e-03,   -7.413600e-03,   -4.801600e-03,    7.627400e-03,    1.490100e-04,    2.365400e-04,    4.539500e-04,    4.539500e-04,    4.539500e-04,    4.539500e-04,    4.539500e-04,    4.539500e-04,    4.539500e-04,    4.539500e-04,
         3,    1.000000e+00,   -9.220438e-05,   -5.093780e-03,    2.056641e-02,   -3.118656e-02,   -1.936153e-02,    3.199689e-02,   -4.061349e-04,    1.045534e-03,    1.938719e-02,   -4.394187e-02,    3.612484e-02,   -2.161317e-02,   -8.843710e-02,   -4.323301e-02,    6.134085e-02,   -1.947208e-02,   -5.592900e-05,   -5.176000e-03,    2.063400e-02,   -3.122700e-02,   -1.952700e-02,    3.191600e-02,   -2.913600e-04,    1.009100e-03,    1.871100e-03,    1.871100e-03,    1.871100e-03,    1.871100e-03,    1.871100e-03,    1.871100e-03,    1.871100e-03,    1.871100e-03,
         4,    1.000000e-03,    4.765466e-05,   -3.951940e-05,    5.647708e-04,   -6.111056e-04,   -4.502138e-04,    5.156676e-04,   -3.289552e-05,    2.647334e-05,    5.653927e-01,   -3.691958e-01,    1.396792e+00,    1.692417e-02,   -2.557725e-01,   -7.497284e-01,   -2.349907e-01,    1.475634e-01,    6.922100e-05,   -5.360200e-05,    6.180500e-04,   -6.104600e-04,   -4.599700e-04,    4.870700e-04,   -4.185900e-05,    3.210200e-05,    3.814400e-05,    3.814400e-05,    3.814400e-05,    3.814400e-05,    3.814400e-05,    3.814400e-05,    3.814400e-05,    3.814400e-05,
         4,    1.000000e-02,    1.439184e-04,   -4.528306e-05,    1.914064e-03,   -1.944209e-03,   -1.564312e-03,    1.815892e-03,   -9.574805e-05,    2.548081e-05,    4.264642e-01,   -1.012063e-01,    5.655569e-02,    6.572786e-01,    7.584165e-01,   -9.490545e-01,   -1.530655e-01,    7.796140e-02,    1.962200e-04,   -5.769500e-05,    1.921000e-03,   -1.863600e-03,   -1.471300e-03,    1.699500e-03,   -1.145200e-04,    3.504200e-05,    1.226400e-04,    1.226400e-04,    1.226400e-04,    1.226400e-04,    1.226400e-04,    1.226400e-04,    1.226400e-04,    1.226400e-04,
         4,    1.000000e-01,    7.429050e-05,    1.587883e-05,    5.682868e-03,   -7.045561e-03,   -5.382415e-03,    7.151972e-03,    7.165508e-06,    3.499406e-05,    9.269044e-02,    1.996251e-01,   -6.152180e-01,    1.175098e-01,    9.612965e-01,    1.065179e-01,   -8.554127e-02,   -1.341368e-02,    1.150400e-04,    1.036400e-04,    5.412400e-03,   -6.993900e-03,   -4.959800e-03,    7.198800e-03,   -3.044100e-05,    2.909700e-05,    4.396300e-04,    4.396300e-04,    4.396300e-04,    4.396300e-04,    4.396300e-04,    4.396300e-04,    4.396300e-04,    4.396300e-04,
         4,    1.000000e+00,   -7.895695e-05,   -7.920657e-04,    2.024663e-02,   -2.696895e-02,   -2.045773e-02,    2.634317e-02,    2.388713e-04,    1.434239e-03,   -2.757508e-02,    3.734552e-02,    5.323627e-02,   -3.279365e-02,   -4.364332e-02,   -5.132956e-02,   -5.129934e-02,    2.359719e-03,   -1.252500e-04,   -7.293700e-04,    2.033600e-02,   -2.702400e-02,   -2.053100e-02,    2.625700e-02,    1.527500e-04,    1.438200e-03,    1.678800e-03,    1.678800e-03,    1.678800e-03,    1.678800e-03,    1.678800e-03,    1.678800e-03,    1.678800e-03,    1.678800e-03,
         5,    1.000000e-03,    7.085114e-05,   -5.943437e-05,    5.433558e-04,   -5.953376e-04,   -5.061500e-04,    5.663897e-04,   -5.247375e-05,    4.066496e-05,    6.950536e-01,   -4.570680e-01,    1.120319e+00,    1.408090e-01,   -7.635440e-01,   -3.624066e-01,   -4.520132e-01,    2.891836e-01,    9.867900e-05,   -7.773400e-05,    5.882100e-04,   -5.897000e-04,   -5.367200e-04,    5.518800e-04,   -7.057100e-05,    5.224300e-05,    4.003700e-05,    4.003700e-05,    4.003700e-05,    4.003700e-05,    4.003700e-05,    4.003700e-05,    4.003700e-05,    4.003700e-05,
         5,    1.000000e-02,    2.144992e-04,   -7.555770e-05,    1.851332e-03,   -1.943735e-03,   -1.740897e-03,    1.918366e-03,   -1.538290e-04,    2.579859e-05,    5.267467e-01,   -1.701221e-01,   -9.421617e-02,    6.533184e-01,    3.429398e-01,   -7.122859e-01,   -3.242581e-01,    1.163215e-01,    2.817700e-04,   -9.728400e-05,    1.839300e-03,   -1.860300e-03,   -1.697100e-03,    1.827400e-03,   -1.952400e-04,    4.065400e-05,    1.277100e-04,    1.277100e-04,    1.277100e-04,    1.277100e-04,    1.277100e-04,    1.277100e-04,    1.277100e-04,    1.277100e-04,
         5,    1.000000e-01,    1.392377e-04,   -3.022619e-05,    5.687634e-03,   -7.184243e-03,   -5.654736e-03,    7.277891e-03,   -3.520399e-05,   -1.383418e-04,    1.634955e-01,    1.974690e-01,   -5.928911e-01,    6.665353e-02,    6.614524e-01,    4.727556e-02,   -1.063497e-01,   -1.044488e-01,    2.129300e-04,    5.877900e-05,    5.420400e-03,   -7.154200e-03,   -5.356600e-03,    7.299200e-03,   -8.313900e-05,   -1.854200e-04,    4.507300e-04,    4.507300e-04,    4.507300e-04,    4.507300e-04,    4.507300e-04,    4.507300e-04,    4.507300e-04,    4.507300e-04,
         5,    1.000000e+00,    1.026493e-04,   -1.385069e-03,    2.026319e-02,   -2.758858e-02,   -2.024455e-02,    2.793419e-02,   -1.840812e-05,   -3.791083e-04,   -3.409225e-02,   -8.681037e-03,    2.198104e-02,   -4.313021e-03,    5.553932e-03,    3.187016e-02,   -2.229134e-02,    9.615845e-03,    4.401400e-05,   -1.400000e-03,    2.030100e-02,   -2.759600e-02,   -2.023500e-02,    2.798900e-02,   -5.674700e-05,   -3.625700e-04,    1.719900e-03,    1.719900e-03,    1.719900e-03,    1.719900e-03,    1.719900e-03,    1.719900e-03,    1.719900e-03,    1.719900e-03,
         6,    1.000000e-03,    7.574533e-05,   -6.012100e-05,    5.542061e-04,   -6.080178e-04,   -5.690029e-04,    6.202637e-04,   -7.132032e-05,    5.575907e-05,    5.737648e-01,   -3.868002e-01,    1.015361e+00,    1.234062e-01,   -1.140283e+00,   -2.654188e-02,   -5.864819e-01,    3.883303e-01,    1.004700e-04,   -7.678900e-05,    5.979600e-04,   -6.027000e-04,   -6.181400e-04,    6.191200e-04,   -9.659300e-05,    7.249300e-05,    4.309200e-05,    4.309200e-05,    4.309200e-05,    4.309200e-05,    4.309200e-05,    4.309200e-05,    4.309200e-05,    4.309200e-05,
         6,    1.000000e-02,    2.276258e-04,   -4.731383e-05,    1.891082e-03,   -1.994990e-03,   -1.938061e-03,    2.004009e-03,   -2.092172e-04,    4.182333e-05,    4.467239e-01,   -1.888321e-01,   -1.131758e-01,    5.024681e-01,   -9.854633e-03,   -4.246135e-01,   -4.503186e-01,    1.743114e-01,    2.883400e-04,   -7.297800e-05,    1.875700e-03,   -1.926700e-03,   -1.939400e-03,    1.946300e-03,   -2.704200e-04,    6.551400e-05,    1.359100e-04,    1.359100e-04,    1.359100e-04,    1.359100e-04,    1.359100e-04,    1.359100e-04,    1.359100e-04,    1.359100e-04,
         6,    1.000000e-01,    9.453473e-05,    2.294529e-04,    5.863307e-03,   -7.290336e-03,   -5.934210e-03,    7.158996e-03,   -8.654021e-05,   -1.584924e-04,    1.765353e-01,    1.485443e-01,   -3.497363e-01,   -7.271876e-02,    2.806197e-01,    5.487428e-02,   -1.521575e-01,   -1.683751e-01,    1.762600e-04,    2.982200e-04,    5.701400e-03,   -7.324000e-03,   -5.804300e-03,    7.184400e-03,   -1.569800e-04,   -2.364400e-04,    4.629400e-04,    4.629400e-04,    4.629400e-04,    4.629400e-04,    4.629400e-04,    4.629400e-04,    4.629400e-04,    4.629400e-04,
         6,    1.000000e+00,   -2.194295e-04,    5.767109e-04,    2.044386e-02,   -2.796629e-02,   -2.028740e-02,    2.719061e-02,   -2.941147e-04,   -6.436452e-04,    1.708991e-02,   -1.436284e-02,    2.747671e-02,   -1.673583e-02,   -7.342701e-03,    2.556905e-03,    1.426575e-04,    1.384472e-03,   -1.901100e-04,    5.520700e-04,    2.049100e-02,   -2.799500e-02,   -2.030000e-02,    2.719500e-02,   -2.938700e-04,   -6.412700e-04,    1.715600e-03,    1.715600e-03,    1.715600e-03,    1.715600e-03,    1.715600e-03,    1.715600e-03,    1.715600e-03,    1.715600e-03,
         7,    1.000000e-03,   -6.364375e-05,    5.165401e-05,    4.870891e-04,   -5.481826e-04,   -5.558776e-04,    6.072577e-04,    6.481930e-05,   -5.257504e-05,   -4.980558e-01,    3.249941e-01,    6.581661e-01,    4.603875e-01,   -1.258461e+00,   -6.361632e-02,    8.159893e-01,   -5.312955e-01,   -8.343300e-05,    6.456700e-05,    5.132400e-04,   -5.298900e-04,   -6.058800e-04,    6.047300e-04,    9.724100e-05,   -7.368500e-05,    3.973300e-05,    3.973300e-05,    3.973300e-05,    3.973300e-05,    3.973300e-05,    3.973300e-05,    3.973300e-05,    3.973300e-05,
         7,    1.000000e-02,   -1.936216e-04,    5.726633e-05,    1.683175e-03,   -1.874441e-03,   -1.890398e-03,    1.967904e-03,    2.000854e-04,   -5.643119e-05,   -3.483866e-01,    1.819504e-01,   -4.604446e-01,    8.103908e-01,    7.707800e-04,   -5.971250e-01,    6.004463e-01,   -1.522307e-01,   -2.377900e-04,    8.033400e-05,    1.624800e-03,   -1.771700e-03,   -1.890300e-03,    1.892200e-03,    2.762100e-04,   -7.573100e-05,    1.267800e-04,    1.267800e-04,    1.267800e-04,    1.267800e-04,    1.267800e-04,    1.267800e-04,    1.267800e-04,    1.267800e-04,
         7,    1.000000e-01,   -1.437975e-04,   -1.295143e-04,    5.526323e-03,   -7.114814e-03,   -5.698813e-03,    7.279421e-03,    1.586589e-04,    1.853879e-04,   -2.292077e-01,   -1.249143e-02,   -7.604059e-01,   -4.737978e-02,    5.202015e-01,   -1.035884e-01,    1.847014e-01,    2.414618e-01,   -2.462900e-04,   -1.351000e-04,    5.186300e-03,   -7.136000e-03,   -5.466200e-03,    7.233100e-03,    2.412500e-04,    2.933600e-04,    4.471600e-04,    4.471600e-04,    4.471600e-04,    4.471600e-04,    4.471600e-04,    4.471600e-04,    4.471600e-04,    4.471600e-04,
         7,    1.000000e+00,   -3.270249e-04,   -3.013588e-04,    2.003261e-02,   -2.652158e-02,   -2.001160e-02,    2.940145e-02,    4.009038e-04,    1.248858e-03,   -5.513085e-02,    3.417375e-02,    2.174077e-02,   -4.313154e-03,   -1.767563e-02,   -5.496154e-03,   -5.192082e-02,    4.932698e-02,   -4.218500e-04,   -2.425800e-04,    2.007000e-02,   -2.652900e-02,   -2.004200e-02,    2.939200e-02,    3.116000e-04,    1.333700e-03,    1.720000e-03,    1.720000e-03,    1.720000e-03,    1.720000e-03,    1.720000e-03,    1.720000e-03,    1.720000e-03,    1.720000e-03,
         8,    1.000000e-03,   -5.292795e-05,    4.253256e-05,    4.749355e-04,   -5.342281e-04,   -4.782996e-04,    5.389350e-04,    4.205798e-05,   -3.373955e-05,   -6.097019e-01,    3.761955e-01,    6.661248e-01,    5.832528e-01,   -6.501403e-01,   -5.906840e-01,    5.258944e-01,   -3.233503e-01,   -7.482600e-05,    5.604400e-05,    4.988600e-04,   -5.132800e-04,   -5.016500e-04,    5.177200e-04,    6.094600e-05,   -4.535300e-05,    3.591600e-05,    3.591600e-05,    3.591600e-05,    3.591600e-05,    3.591600e-05,    3.591600e-05,    3.591600e-05,    3.591600e-05,
         8,    1.000000e-02,   -1.629504e-04,    4.262743e-05,    1.637051e-03,   -1.821804e-03,   -1.646634e-03,    1.844478e-03,    1.300973e-04,   -3.212095e-05,   -4.094429e-01,    1.145777e-01,   -5.405876e-01,    1.052845e+00,    5.473110e-01,   -1.018274e+00,    3.436044e-01,   -6.401071e-02,   -2.106300e-04,    5.597000e-05,    1.574100e-03,   -1.699200e-03,   -1.582900e-03,    1.725900e-03,    1.701100e-04,   -3.957500e-05,    1.164500e-04,    1.164500e-04,    1.164500e-04,    1.164500e-04,    1.164500e-04,    1.164500e-04,    1.164500e-04,    1.164500e-04,
         8,    1.000000e-01,   -1.168715e-04,   -1.976972e-04,    5.312105e-03,   -7.078875e-03,   -5.356007e-03,    7.254822e-03,    7.016306e-05,    1.391750e-04,   -1.484955e-01,   -1.045188e-01,   -1.084511e+00,    1.074180e-01,    1.048844e+00,   -7.255252e-02,    8.463111e-02,    9.106602e-02,   -1.809800e-04,   -2.428200e-04,    4.843900e-03,   -7.032500e-03,   -4.903200e-03,    7.223500e-03,    1.067000e-04,    1.784900e-04,    4.317200e-04,    4.317200e-04,    4.317200e-04,    4.317200e-04,    4.317200e-04,    4.317200e-04,    4.317200e-04,    4.317200e-04,
         8,    1.000000e+00,    6.013947e-05,   -8.707684e-04,    2.002017e-02,   -2.691131e-02,   -2.041593e-02,    2.835411e-02,    1.336576e-04,    6.097073e-04,   -2.697821e-02,    3.706610e-02,    9.246749e-02,   -2.077500e-02,   -8.794957e-02,    2.147372e-02,    3.812215e-02,   -4.200807e-02,    1.379900e-05,   -8.071000e-04,    2.017900e-02,   -2.694700e-02,   -2.056700e-02,    2.839100e-02,    1.991400e-04,    5.375500e-04,    1.717700e-03,    1.717700e-03,    1.717700e-03,    1.717700e-03,    1.717700e-03,    1.717700e-03,    1.717700e-03,    1.717700e-03,
         9,    1.000000e-03,   -3.223434e-05,    2.728779e-05,    4.612066e-04,   -5.215215e-04,   -4.094449e-04,    4.770250e-04,    2.631017e-05,   -2.184003e-05,   -4.626904e-01,    2.840053e-01,    5.165539e-01,    8.310014e-01,    2.629253e-01,   -1.330938e+00,    2.982292e-01,   -1.813982e-01,   -4.699000e-05,    3.634500e-05,    4.776800e-04,   -4.950200e-04,   -4.010600e-04,    4.345800e-04,    3.582100e-05,   -2.762500e-05,    3.189100e-05,    3.189100e-05,    3.189100e-05,    3.189100e-05,    3.189100e-05,    3.189100e-05,    3.189100e-05,    3.189100e-05,
         9,    1.000000e-02,   -9.946315e-05,    4.161803e-05,    1.590318e-03,   -1.792052e-03,   -1.427592e-03,    1.724510e-03,    8.057857e-05,   -2.892833e-05,   -2.993705e-01,    7.782120e-02,   -7.735114e-01,    1.271583e+00,    1.296322e+00,   -1.436164e+00,    1.750978e-01,   -4.931262e-02,   -1.314000e-04,    4.992000e-05,    1.507800e-03,   -1.656400e-03,   -1.289300e-03,    1.571300e-03,    9.925800e-05,   -3.418900e-05,    1.066800e-04,    1.066800e-04,    1.066800e-04,    1.066800e-04,    1.066800e-04,    1.066800e-04,    1.066800e-04,    1.066800e-04,
         9,    1.000000e-01,   -6.146625e-05,    2.099330e-05,    5.185298e-03,   -7.144725e-03,   -5.005438e-03,    7.187333e-03,    1.132608e-05,   -1.837553e-05,   -1.104224e-01,   -9.430772e-02,   -1.270056e+00,    4.537630e-02,    1.498390e+00,    7.899064e-02,    6.851378e-02,    1.267120e-02,   -1.082500e-04,   -1.896300e-05,    4.647200e-03,   -7.125500e-03,   -4.370600e-03,    7.220800e-03,    4.035400e-05,   -1.300700e-05,    4.236800e-04,    4.236800e-04,    4.236800e-04,    4.236800e-04,    4.236800e-04,    4.236800e-04,    4.236800e-04,    4.236800e-04,
         9,    1.000000e+00,    2.338689e-04,    1.198081e-03,    2.031020e-02,   -2.754917e-02,   -2.028353e-02,    2.760049e-02,   -1.450075e-04,   -1.244505e-03,   -1.941224e-02,   -2.012128e-02,    1.443510e-01,   -3.355336e-02,   -2.288630e-01,    2.524320e-02,    7.677972e-02,   -2.175390e-02,    2.004100e-04,    1.163400e-03,    2.055900e-02,   -2.760700e-02,   -2.067800e-02,    2.764400e-02,   -1.267000e-05,   -1.282000e-03,    1.723600e-03,    1.723600e-03,    1.723600e-03,    1.723600e-03,    1.723600e-03,    1.723600e-03,    1.723600e-03,    1.723600e-03,
        10,    1.000000e-03,    4.025972e-05,   -3.363265e-05,    4.648636e-04,   -5.218570e-04,   -4.257893e-04,    4.901241e-04,   -3.486976e-05,    2.914423e-05,    5.067284e-01,   -3.249124e-01,    5.831957e-01,    7.486978e-01,    4.477707e-02,   -1.134737e+00,   -3.068978e-01,    1.892471e-01,    5.688700e-05,   -4.429400e-05,    4.840000e-04,   -4.972900e-04,   -4.243200e-04,    4.528900e-04,   -4.494000e-05,    3.535400e-05,    3.281300e-05,    3.281300e-05,    3.281300e-05,    3.281300e-05,    3.281300e-05,    3.281300e-05,    3.281300e-05,    3.281300e-05,
        10,    1.000000e-02,    1.233779e-04,   -3.960748e-05,    1.599664e-03,   -1.771909e-03,   -1.480093e-03,    1.736488e-03,   -1.031613e-04,    3.804971e-05,    3.506840e-01,   -1.055275e-01,   -6.913918e-01,    1.241309e+00,    1.109094e+00,   -1.310379e+00,   -1.860798e-01,    9.301154e-02,    1.613500e-04,   -5.103400e-05,    1.524800e-03,   -1.637500e-03,   -1.360000e-03,    1.594600e-03,   -1.233100e-04,    4.812100e-05,    1.082800e-04,    1.082800e-04,    1.082800e-04,    1.082800e-04,    1.082800e-04,    1.082800e-04,    1.082800e-04,    1.082800e-04,
        10,    1.000000e-01,    5.900453e-05,    3.664318e-05,    5.206402e-03,   -6.913061e-03,   -5.110677e-03,    7.016717e-03,   -2.978805e-05,    7.552580e-05,    1.243776e-01,    1.143185e-01,   -1.293769e+00,    9.367120e-02,    1.395868e+00,    5.871251e-02,   -1.157337e-01,    8.398557e-03,    1.108700e-04,    8.431400e-05,    4.666900e-03,   -6.874000e-03,   -4.528600e-03,    7.041200e-03,   -7.804900e-05,    7.902800e-05,    4.170000e-04,    4.170000e-04,    4.170000e-04,    4.170000e-04,    4.170000e-04,    4.170000e-04,    4.170000e-04,    4.170000e-04,
        10,    1.000000e+00,   -3.605386e-04,   -8.531517e-04,    2.027516e-02,   -2.503898e-02,   -2.012535e-02,    2.583194e-02,    2.007587e-04,    1.773808e-03,    1.596071e-02,    3.224866e-02,    1.364341e-01,   -2.144198e-02,   -1.950984e-01,    3.098065e-03,   -6.450908e-02,    2.430163e-02,   -3.344700e-04,   -8.004800e-04,    2.049800e-02,   -2.507400e-02,   -2.044400e-02,    2.583700e-02,    9.539600e-05,    1.813500e-03,    1.633300e-03,    1.633300e-03,    1.633300e-03,    1.633300e-03,    1.633300e-03,    1.633300e-03,    1.633300e-03,    1.633300e-03,
        11,    1.000000e-03,    5.208865e-05,   -4.252874e-05,    4.776425e-04,   -5.354517e-04,   -4.919556e-04,    5.488205e-04,   -5.036229e-05,    4.046315e-05,    5.129136e-01,   -3.235687e-01,    6.191101e-01,    5.819657e-01,   -7.497088e-01,   -4.843963e-01,   -5.349783e-01,    3.332289e-01,    7.081000e-05,   -5.433900e-05,    5.002400e-04,   -5.142100e-04,   -5.193200e-04,    5.311400e-04,   -6.988900e-05,    5.262600e-05,    3.650000e-05,    3.650000e-05,    3.650000e-05,    3.650000e-05,    3.650000e-05,    3.650000e-05,    3.650000e-05,    3.650000e-05,
        11,    1.000000e-02,    1.585459e-04,   -4.201832e-05,    1.645063e-03,   -1.818250e-03,   -1.689908e-03,    1.843868e-03,   -1.495003e-04,    3.913787e-05,    3.563699e-01,   -1.088186e-01,   -5.537785e-01,    1.004931e+00,    4.368817e-01,   -9.234949e-01,   -3.689953e-01,    9.825046e-02,    2.004800e-04,   -5.482300e-05,    1.579900e-03,   -1.700000e-03,   -1.638500e-03,    1.735200e-03,   -1.929200e-04,    5.069900e-05,    1.176700e-04,    1.176700e-04,    1.176700e-04,    1.176700e-04,    1.176700e-04,    1.176700e-04,    1.176700e-04,    1.176700e-04,
        11,    1.000000e-01,    7.693412e-05,    1.036600e-04,    5.392506e-03,   -6.957088e-03,   -5.471710e-03,    7.006661e-03,   -5.984912e-05,   -5.854508e-05,    1.180135e-01,    9.970596e-02,   -1.045375e+00,    4.897341e-02,    9.599814e-01,   -5.241150e-02,   -1.019948e-01,   -1.252215e-01,    1.275100e-04,    1.463900e-04,    4.944500e-03,   -6.936100e-03,   -5.060300e-03,    6.984200e-03,   -1.035600e-04,   -1.122100e-04,    4.285600e-04,    4.285600e-04,    4.285600e-04,    4.285600e-04,    4.285600e-04,    4.285600e-04,    4.285600e-04,    4.285600e-04,
        11,    1.000000e+00,   -3.171664e-05,   -1.204638e-04,    2.050961e-02,   -2.476172e-02,   -2.059929e-02,    2.531641e-02,   -1.457783e-05,    4.392252e-04,    3.068988e-02,   -2.634588e-02,    7.411599e-02,   -2.479568e-02,   -5.830766e-02,    1.513558e-02,   -2.276974e-02,    1.592884e-02,    1.813600e-05,   -1.632600e-04,    2.063000e-02,   -2.480200e-02,   -2.069400e-02,    2.534100e-02,   -5.156500e-05,    4.651000e-04,    1.624400e-03,    1.624400e-03,    1.624400e-03,    1.624400e-03,    1.624400e-03,    1.624400e-03,    1.624400e-03,    1.624400e-03,
        12,    1.000000e-03,    7.008980e-05,   -5.533749e-05,    5.185613e-04,   -5.747246e-04,   -5.681152e-04,    6.170553e-04,   -6.253300e-05,    4.780264e-05,    5.083364e-01,   -3.427932e-01,    8.237505e-01,    2.830522e-01,   -1.243372e+00,   -7.833281e-03,   -6.516085e-01,    4.269254e-01,    9.120000e-05,   -6.957300e-05,    5.527700e-04,   -5.629700e-04,   -6.197500e-04,    6.167300e-04,   -8.959300e-05,    6.553200e-05,    4.152800e-05,    4.152800e-05,    4.152800e-05,    4.152800e-05,    4.152800e-05,    4.152800e-05,    4.152800e-05,    4.152800e-05,
        12,    1.000000e-02,    2.107221e-04,   -4.196661e-05,    1.779394e-03,   -1.919818e-03,   -1.928709e-03,    1.977067e-03,   -1.858577e-04,    2.546161e-05,    3.825006e-01,   -1.874277e-01,   -2.796594e-01,    6.365195e-01,   -5.632857e-02,   -5.058094e-01,   -4.992933e-01,    1.413260e-01,    2.609100e-04,   -6.655900e-05,    1.742700e-03,   -1.836300e-03,   -1.936100e-03,    1.910700e-03,   -2.513700e-04,    4.400500e-05,    1.312100e-04,    1.312100e-04,    1.312100e-04,    1.312100e-04,    1.312100e-04,    1.312100e-04,    1.312100e-04,    1.312100e-04,
        12,    1.000000e-01,    1.081726e-04,    2.661509e-04,    5.715174e-03,   -7.075796e-03,   -5.839442e-03,    7.144906e-03,   -8.537272e-05,   -3.210963e-04,    2.107410e-01,    6.917589e-02,   -5.399378e-01,   -5.451845e-02,    4.403764e-01,   -4.189245e-02,   -1.274037e-01,   -2.281492e-01,    2.032800e-04,    2.973700e-04,    5.471500e-03,   -7.100400e-03,   -5.640700e-03,    7.126000e-03,   -1.428700e-04,   -4.240600e-04,    4.513000e-04,    4.513000e-04,    4.513000e-04,    4.513000e-04,    4.513000e-04,    4.513000e-04,    4.513000e-04,    4.513000e-04,
        12,    1.000000e+00,   -1.153121e-04,    1.145535e-03,    2.048538e-02,   -2.545164e-02,   -2.081051e-02,    2.688635e-02,    1.737838e-04,   -2.014070e-03,    3.792134e-02,   -1.249927e-02,   -4.430010e-03,   -8.157948e-04,   -8.692738e-03,    1.119089e-02,    2.957355e-02,   -2.029539e-02,   -5.210100e-05,    1.124700e-03,    2.047800e-02,   -2.545300e-02,   -2.082500e-02,    2.690500e-02,    2.230800e-04,   -2.047900e-03,    1.666900e-03,    1.666900e-03,    1.666900e-03,    1.666900e-03,    1.666900e-03,    1.666900e-03,    1.666900e-03,    1.666900e-03,
        13,    1.000000e-03,   -3.425246e-05,    2.582312e-05,    4.385030e-04,   -5.043880e-04,   -5.572041e-04,    6.042885e-04,    3.626918e-05,   -2.950902e-05,   -2.953017e-01,    1.893706e-01,    2.019403e-01,    8.241044e-01,   -1.389115e+00,   -5.729805e-02,    5.918822e-01,   -3.861956e-01,   -4.527400e-05,    3.289100e-05,    4.460400e-04,   -4.736300e-04,   -6.090500e-04,    6.021500e-04,    5.836000e-05,   -4.392300e-05,    3.732300e-05,    3.732300e-05,    3.732300e-05,    3.732300e-05,    3.732300e-05,    3.732300e-05,    3.732300e-05,    3.732300e-05,
        13,    1.000000e-02,   -1.039421e-04,    1.233200e-05,    1.530594e-03,   -1.785888e-03,   -1.891612e-03,    1.926177e-03,    1.125886e-04,   -3.392564e-05,   -1.978059e-01,    8.946493e-02,   -8.449121e-01,    1.026822e+00,   -2.067413e-02,   -6.810952e-01,    4.273129e-01,   -8.052806e-02,   -1.277500e-04,    2.310000e-05,    1.428900e-03,   -1.662300e-03,   -1.894100e-03,    1.844200e-03,    1.640200e-04,   -4.361800e-05,    1.203600e-04,    1.203600e-04,    1.203600e-04,    1.203600e-04,    1.203600e-04,    1.203600e-04,    1.203600e-04,    1.203600e-04,
        13,    1.000000e-01,   -4.256449e-05,   -2.277265e-04,    5.335722e-03,   -6.976492e-03,   -5.686981e-03,    6.953903e-03,    7.393328e-05,    7.285951e-05,   -1.108220e-01,   -2.024676e-02,   -1.030442e+00,   -1.225586e-01,    6.396527e-01,   -1.126229e-01,    1.006317e-01,    1.978180e-01,   -9.058700e-05,   -2.365000e-04,    4.889200e-03,   -7.029600e-03,   -5.409800e-03,    6.905100e-03,    1.175400e-04,    1.585800e-04,    4.333300e-04,    4.333300e-04,    4.333300e-04,    4.333300e-04,    4.333300e-04,    4.333300e-04,    4.333300e-04,    4.333300e-04,
        13,    1.000000e+00,    2.644922e-04,   -1.175282e-03,    2.027363e-02,   -2.446884e-02,   -2.045556e-02,    2.567404e-02,    8.235108e-05,    2.139004e-04,   -4.339526e-02,    1.617971e-02,    4.534103e-02,    2.276839e-02,   -3.116784e-02,    6.795276e-02,   -5.741013e-02,    3.888862e-02,    1.942700e-04,   -1.149100e-03,    2.034700e-02,   -2.443200e-02,   -2.050600e-02,    2.578400e-02,   -1.055000e-05,    2.768300e-04,    1.618200e-03,    1.618200e-03,    1.618200e-03,    1.618200e-03,    1.618200e-03,    1.618200e-03,    1.618200e-03,    1.618200e-03,
        14,    1.000000e-03,   -3.095478e-05,    2.281839e-05,    4.107286e-04,   -4.782598e-04,   -4.782171e-04,    5.350501e-04,    4.123343e-05,   -3.398434e-05,   -3.487942e-01,    2.156215e-01,   -1.733558e-01,    1.247738e+00,   -7.138722e-01,   -6.767824e-01,    6.216268e-01,   -3.947417e-01,   -4.236000e-05,    2.986900e-05,    4.050600e-04,   -4.374600e-04,   -5.015600e-04,    5.129200e-04,    6.156000e-05,   -4.689200e-05,    3.269900e-05,    3.269900e-05,    3.269900e-05,    3.269900e-05,    3.269900e-05,    3.269900e-05,    3.269900e-05,    3.269900e-05,
        14,    1.000000e-02,   -9.538520e-05,    5.715739e-06,    1.433148e-03,   -1.726658e-03,   -1.639861e-03,    1.806110e-03,    1.294035e-04,   -4.189096e-05,   -2.165648e-01,    7.675368e-02,   -1.221490e+00,    1.420931e+00,    6.032375e-01,   -1.186066e+00,    4.048595e-01,   -1.020401e-01,   -1.188500e-04,    1.403200e-05,    1.300800e-03,   -1.572700e-03,   -1.574500e-03,    1.677600e-03,    1.732700e-04,   -5.294700e-05,    1.083500e-04,    1.083500e-04,    1.083500e-04,    1.083500e-04,    1.083500e-04,    1.083500e-04,    1.083500e-04,    1.083500e-04,
        14,    1.000000e-01,   -5.553661e-05,   -3.055131e-04,    4.997406e-03,   -7.175166e-03,   -5.218332e-03,    7.104538e-03,    1.183419e-04,    1.174183e-04,   -1.047738e-01,   -2.343032e-02,   -1.507941e+00,   -1.666890e-02,    1.202294e+00,   -1.370667e-01,    1.545090e-01,    9.809159e-02,   -9.974800e-05,   -3.154000e-04,    4.361100e-03,   -7.182200e-03,   -4.711000e-03,    7.046700e-03,    1.835400e-04,    1.588100e-04,    4.219700e-04,    4.219700e-04,    4.219700e-04,    4.219700e-04,    4.219700e-04,    4.219700e-04,    4.219700e-04,    4.219700e-04,
        14,    1.000000e+00,    1.337138e-04,   -2.135373e-03,    2.021414e-02,   -2.761204e-02,   -2.009612e-02,    2.778909e-02,    1.620716e-04,    7.036079e-04,   -4.750034e-02,    1.827368e-02,    2.350666e-01,   -5.202216e-03,   -1.648273e-01,   -2.676325e-02,   -5.818755e-03,    5.923526e-03,    5.190400e-05,   -2.103900e-03,    2.061900e-02,   -2.762100e-02,   -2.038000e-02,    2.774300e-02,    1.520500e-04,    7.138100e-04,    1.722300e-03,    1.722300e-03,    1.722300e-03,    1.722300e-03,    1.722300e-03,    1.722300e-03,    1.722300e-03,    1.722300e-03,
        15,    1.000000e-03,   -2.421328e-05,    1.953136e-05,    3.958372e-04,   -4.615512e-04,   -3.953277e-04,    4.616808e-04,    1.604232e-05,   -1.248412e-05,   -3.327561e-01,    2.077711e-01,   -4.599885e-01,    1.640833e+00,    4.922609e-01,   -1.655708e+00,    2.404184e-01,   -1.493294e-01,   -3.360100e-05,    2.539300e-05,    3.828600e-04,   -4.152600e-04,   -3.814400e-04,    4.149700e-04,    2.282500e-05,   -1.669700e-05,    2.821200e-05,    2.821200e-05,    2.821200e-05,    2.821200e-05,    2.821200e-05,    2.821200e-05,    2.821200e-05,    2.821200e-05,
        15,    1.000000e-02,   -7.530208e-05,    2.183731e-05,    1.380963e-03,   -1.666331e-03,   -1.379199e-03,    1.671818e-03,    5.109634e-05,   -8.921273e-06,   -1.935661e-01,    8.681832e-02,   -1.554758e+00,    1.748299e+00,    1.568532e+00,   -1.727546e+00,    1.292646e-01,   -3.978309e-02,   -9.407200e-05,    3.025600e-05,    1.230200e-03,   -1.496800e-03,   -1.227100e-03,    1.504300e-03,    6.363100e-05,   -1.277900e-05,    9.696900e-05,    9.696900e-05,    9.696900e-05,    9.696900e-05,    9.696900e-05,    9.696900e-05,    9.696900e-05,    9.696900e-05,
        15,    1.000000e-01,   -7.924310e-05,   -1.048576e-04,    4.812136e-03,   -7.009669e-03,   -4.849421e-03,    7.045259e-03,    3.942219e-05,    1.183213e-04,   -1.210694e-01,    1.830517e-02,   -1.760139e+00,   -3.486617e-02,    1.746384e+00,    7.727394e-02,    6.655514e-02,   -2.538487e-02,   -1.286600e-04,   -9.738600e-05,    4.093700e-03,   -7.023900e-03,   -4.136600e-03,    7.076800e-03,    6.658800e-05,    1.079600e-04,    4.081700e-04,    4.081700e-04,    4.081700e-04,    4.081700e-04,    4.081700e-04,    4.081700e-04,    4.081700e-04,    4.081700e-04,
        15,    1.000000e+00,   -7.145370e-05,   -7.696495e-04,    2.008113e-02,   -2.656088e-02,   -2.030344e-02,    2.647656e-02,    1.162069e-04,    9.677183e-04,   -1.687722e-02,    9.184141e-03,    3.145964e-01,    2.610177e-02,   -2.900246e-01,   -3.306411e-03,    2.242763e-02,   -2.256161e-02,   -9.982600e-05,   -7.542100e-04,    2.061000e-02,   -2.651700e-02,   -2.079100e-02,    2.647100e-02,    1.539100e-04,    9.297900e-04,    1.681100e-03,    1.681100e-03,    1.681100e-03,    1.681100e-03,    1.681100e-03,    1.681100e-03,    1.681100e-03,    1.681100e-03,
        16,    1.000000e-03,    2.134098e-05,   -1.855461e-05,    3.903554e-04,   -4.552741e-04,   -3.988203e-04,    4.643362e-04,   -1.442812e-05,    1.101749e-05,    2.382487e-01,   -1.504170e-01,   -5.729877e-01,    1.716388e+00,    4.818558e-01,   -1.649054e+00,   -1.394849e-01,    8.215656e-02,    2.802100e-05,   -2.277200e-05,    3.742900e-04,   -4.071500e-04,   -3.853100e-04,    4.181000e-04,   -1.833900e-05,    1.332100e-05,    2.803800e-05,    2.803800e-05,    2.803800e-05,    2.803800e-05,    2.803800e-05,    2.803800e-05,    2.803800e-05,    2.803800e-05,
        16,    1.000000e-02,    6.410225e-05,   -2.758929e-05,    1.363207e-03,   -1.645838e-03,   -1.387863e-03,    1.674716e-03,   -4.074364e-05,    5.117155e-06,    1.445012e-01,   -6.317076e-02,   -1.628956e+00,    1.783866e+00,    1.551723e+00,   -1.731766e+00,   -7.462112e-02,    2.910666e-02,    7.803000e-05,   -3.367800e-05,    1.206200e-03,   -1.473900e-03,   -1.238300e-03,    1.507800e-03,   -4.793600e-05,    7.922600e-06,    9.638500e-05,    9.638500e-05,    9.638500e-05,    9.638500e-05,    9.638500e-05,    9.638500e-05,    9.638500e-05,    9.638500e-05,
        16,    1.000000e-01,   -1.401740e-07,   -9.119015e-05,    4.794554e-03,   -6.878258e-03,   -4.816676e-03,    7.081833e-03,    3.264758e-05,   -1.230368e-05,    7.254998e-02,    6.495345e-03,   -1.818629e+00,   -3.099617e-02,    1.773209e+00,    1.771324e-02,   -3.501454e-02,    2.233412e-03,    2.921500e-05,   -8.856200e-05,    4.058700e-03,   -6.890800e-03,   -4.099200e-03,    7.089000e-03,    1.848000e-05,   -1.140000e-05,    4.046200e-04,    4.046200e-04,    4.046200e-04,    4.046200e-04,    4.046200e-04,    4.046200e-04,    4.046200e-04,    4.046200e-04,
        16,    1.000000e+00,   -2.058114e-04,   -1.892479e-03,    2.001780e-02,   -2.523412e-02,   -2.007946e-02,    2.755695e-02,    3.085083e-04,    8.220819e-04,    6.460002e-02,   -4.316671e-03,    3.205190e-01,    1.023184e-02,   -3.219211e-01,   -4.153043e-03,   -7.091777e-02,   -9.134946e-03,   -9.774200e-05,   -1.899700e-03,    2.055400e-02,   -2.521700e-02,   -2.061800e-02,    2.755000e-02,    1.898700e-04,    8.068000e-04,    1.672900e-03,    1.672900e-03,    1.672900e-03,    1.672900e-03,    1.672900e-03,    1.672900e-03,    1.672900e-03,    1.672900e-03,
        17,    1.000000e-03,    3.993732e-05,   -2.969471e-05,    4.117271e-04,   -4.769952e-04,   -4.987175e-04,    5.554189e-04,   -2.616239e-05,    1.997149e-05,    4.002888e-01,   -2.587707e-01,   -2.036421e-01,    1.222825e+00,   -9.113343e-01,   -4.825934e-01,   -3.668786e-01,    2.262941e-01,    5.335700e-05,   -3.837000e-05,    4.049000e-04,   -4.360000e-04,   -5.292700e-04,    5.392400e-04,   -3.846200e-05,    2.755800e-05,    3.352500e-05,    3.352500e-05,    3.352500e-05,    3.352500e-05,    3.352500e-05,    3.352500e-05,    3.352500e-05,    3.352500e-05,
        17,    1.000000e-02,    1.214794e-04,   -3.773556e-06,    1.436633e-03,   -1.709917e-03,   -1.705667e-03,    1.860832e-03,   -7.602679e-05,    9.862044e-06,    2.697918e-01,   -1.140355e-01,   -1.215509e+00,    1.353607e+00,    4.053777e-01,   -1.020350e+00,   -2.465956e-01,    3.127896e-02,    1.513400e-04,   -1.639500e-05,    1.302100e-03,   -1.560100e-03,   -1.660800e-03,    1.747900e-03,   -1.033200e-04,    1.332400e-05,    1.106800e-04,    1.106800e-04,    1.106800e-04,    1.106800e-04,    1.106800e-04,    1.106800e-04,    1.106800e-04,    1.106800e-04,
        17,    1.000000e-01,    5.159449e-05,    3.784751e-04,    5.056027e-03,   -6.939488e-03,   -5.397651e-03,    7.270638e-03,   -6.056145e-06,   -8.812612e-05,    1.338209e-01,    3.741659e-02,   -1.442229e+00,   -8.249789e-02,    1.046148e+00,   -9.900713e-02,   -3.348102e-02,   -1.055517e-01,    1.085500e-04,    3.944000e-04,    4.442200e-03,   -6.974600e-03,   -4.952400e-03,    7.228500e-03,   -2.030600e-05,   -1.330500e-04,    4.256100e-04,    4.256100e-04,    4.256100e-04,    4.256100e-04,    4.256100e-04,    4.256100e-04,    4.256100e-04,    4.256100e-04,
        17,    1.000000e+00,   -4.093973e-04,    2.477371e-03,    2.015047e-02,   -2.473554e-02,   -2.046752e-02,    2.849673e-02,    1.323069e-04,   -1.190796e-04,    5.300953e-02,   -1.948205e-02,    1.965008e-01,   -2.583897e-02,   -7.221836e-02,    3.523419e-02,   -1.348130e-02,   -2.978444e-02,   -3.202300e-04,    2.444600e-03,    2.048100e-02,   -2.477900e-02,   -2.058900e-02,    2.855600e-02,    1.096300e-04,   -1.691800e-04,    1.682100e-03,    1.682100e-03,    1.682100e-03,    1.682100e-03,    1.682100e-03,    1.682100e-03,    1.682100e-03,    1.682100e-03,
        18,    1.000000e-03,    2.168643e-05,   -1.781090e-05,    4.409843e-04,   -5.091929e-04,   -5.694970e-04,    6.175282e-04,   -3.501577e-05,    2.754642e-05,    1.289877e-01,   -8.332486e-02,    1.364671e-01,    8.422828e-01,   -1.407894e+00,    7.179998e-03,   -4.588865e-01,    2.991726e-01,    2.656900e-05,   -2.096500e-05,    4.461500e-04,   -4.773100e-04,   -6.227900e-04,    6.178000e-04,   -5.238600e-05,    3.887100e-05,    3.785300e-05,    3.785300e-05,    3.785300e-05,    3.785300e-05,    3.785300e-05,    3.785300e-05,    3.785300e-05,    3.785300e-05,
        18,    1.000000e-02,    6.349568e-05,   -1.697511e-05,    1.534714e-03,   -1.823817e-03,   -1.928407e-03,    1.972027e-03,   -1.028316e-04,    2.201068e-05,    9.037638e-02,   -2.760722e-02,   -8.658212e-01,    9.994056e-01,   -9.278798e-02,   -5.890296e-01,   -3.434190e-01,    6.745922e-02,    7.459300e-05,   -2.036500e-05,    1.428400e-03,   -1.701100e-03,   -1.939800e-03,    1.899700e-03,   -1.450000e-04,    3.029400e-05,    1.227900e-04,    1.227900e-04,    1.227900e-04,    1.227900e-04,    1.227900e-04,    1.227900e-04,    1.227900e-04,    1.227900e-04,
        18,    1.000000e-01,   -6.261448e-05,   -7.690776e-05,    5.318019e-03,   -7.366862e-03,   -5.719620e-03,    7.258535e-03,   -3.971533e-05,   -7.294661e-05,    3.985994e-03,    2.151712e-02,   -9.889080e-01,   -1.181144e-01,    5.498125e-01,   -1.118618e-01,   -5.227173e-02,   -1.716758e-01,   -6.082800e-05,   -6.726400e-05,    4.874800e-03,   -7.419800e-03,   -5.473200e-03,    7.208400e-03,   -6.314300e-05,   -1.498900e-04,    4.481900e-04,    4.481900e-04,    4.481900e-04,    4.481900e-04,    4.481900e-04,    4.481900e-04,    4.481900e-04,    4.481900e-04,
        18,    1.000000e+00,   -3.432495e-04,   -2.137446e-03,    2.006434e-02,   -2.861783e-02,   -2.011385e-02,    2.916133e-02,    1.139880e-04,    1.813387e-05,    8.233898e-02,   -2.080104e-02,    7.074230e-02,    2.657377e-02,   -2.618878e-02,    3.442993e-02,    3.158275e-02,   -3.734684e-02,   -1.981600e-04,   -2.174100e-03,    2.018900e-02,   -2.857100e-02,   -2.016000e-02,    2.922200e-02,    1.696400e-04,   -4.767500e-05,    1.762100e-03,    1.762100e-03,    1.762100e-03,    1.762100e-03,    1.762100e-03,    1.762100e-03,    1.762100e-03,    1.762100e-03,
        19,    1.000000e-03,    2.932094e-05,   -2.372862e-05,    4.452246e-04,   -5.125169e-04,   -5.608660e-04,    6.076256e-04,   -4.833813e-05,    4.158347e-05,    2.566723e-01,   -1.477291e-01,    2.756959e-01,    7.639013e-01,   -1.353802e+00,   -6.070656e-02,   -6.000759e-01,    3.754734e-01,    3.902700e-05,   -2.931500e-05,    4.556500e-04,   -4.836300e-04,   -6.120600e-04,    6.053300e-04,   -7.103000e-05,    5.578200e-05,    3.781500e-05,    3.781500e-05,    3.781500e-05,    3.781500e-05,    3.781500e-05,    3.781500e-05,    3.781500e-05,    3.781500e-05,
        19,    1.000000e-02,    8.610289e-05,   -1.924934e-05,    1.551733e-03,   -1.815185e-03,   -1.901174e-03,    1.936327e-03,   -1.454914e-04,    6.088881e-05,    1.674769e-01,   -5.613697e-02,   -7.729750e-01,    9.760039e-01,   -1.333373e-02,   -6.597203e-01,   -4.588517e-01,    1.198687e-01,    1.065200e-04,   -2.609300e-05,    1.457500e-03,   -1.696200e-03,   -1.902800e-03,    1.855900e-03,   -2.014300e-04,    7.550200e-05,    1.219100e-04,    1.219100e-04,    1.219100e-04,    1.219100e-04,    1.219100e-04,    1.219100e-04,    1.219100e-04,    1.219100e-04,
        19,    1.000000e-01,   -3.261813e-05,    1.036769e-05,    5.363010e-03,   -7.175979e-03,   -5.684669e-03,    7.025582e-03,   -1.042363e-04,    7.408007e-05,    5.554285e-02,    1.252261e-02,   -9.911221e-01,   -1.038465e-01,    6.270486e-01,   -1.055800e-01,   -1.176019e-01,   -2.103027e-01,   -8.217600e-06,    1.586900e-05,    4.927600e-03,   -7.221600e-03,   -5.409200e-03,    6.979200e-03,   -1.559000e-04,   -1.830800e-05,    4.393100e-04,    4.393100e-04,    4.393100e-04,    4.393100e-04,    4.393100e-04,    4.393100e-04,    4.393100e-04,    4.393100e-04,
        19,    1.000000e+00,   -4.604554e-04,   -1.293424e-03,    2.006493e-02,   -2.675736e-02,   -2.027805e-02,    2.674114e-02,    1.629161e-04,    1.689256e-03,    5.266239e-02,   -3.548078e-02,    5.840619e-02,    1.212538e-02,   -5.297676e-02,    4.756152e-02,    5.049961e-02,   -5.679015e-02,   -3.720300e-04,   -1.353000e-03,    2.016300e-02,   -2.673700e-02,   -2.036700e-02,    2.682100e-02,    2.477100e-04,    1.593900e-03,    1.679100e-03,    1.679100e-03,    1.679100e-03,    1.679100e-03,    1.679100e-03,    1.679100e-03,    1.679100e-03,    1.679100e-03,
        20,    1.000000e-03,    2.238575e-05,   -1.811044e-05,    4.177405e-04,   -4.862840e-04,   -4.505649e-04,    5.108754e-04,   -3.522294e-05,    3.190498e-05,    2.003462e-01,   -1.119086e-01,   -8.996630e-02,    1.220587e+00,   -3.671755e-01,   -9.244466e-01,   -4.403580e-01,    2.651547e-01,    2.877800e-05,   -2.168100e-05,    4.148700e-04,   -4.473400e-04,   -4.622800e-04,    4.813800e-04,   -4.927300e-05,    4.036500e-05,    3.190600e-05,    3.190600e-05,    3.190600e-05,    3.190600e-05,    3.190600e-05,    3.190600e-05,    3.190600e-05,    3.190600e-05,
        20,    1.000000e-02,    6.568816e-05,   -1.369048e-05,    1.456386e-03,   -1.751493e-03,   -1.552967e-03,    1.766864e-03,   -1.062933e-04,    5.962922e-05,    1.136660e-01,   -5.251070e-02,   -1.178326e+00,    1.382602e+00,    8.558965e-01,   -1.308332e+00,   -2.943949e-01,    9.369347e-02,    7.782200e-05,   -1.929600e-05,    1.330600e-03,   -1.603900e-03,   -1.461600e-03,    1.627200e-03,   -1.377200e-04,    6.963100e-05,    1.067500e-04,    1.067500e-04,    1.067500e-04,    1.067500e-04,    1.067500e-04,    1.067500e-04,    1.067500e-04,    1.067500e-04,
        20,    1.000000e-01,   -2.374749e-05,    1.576873e-05,    5.071946e-03,   -7.289103e-03,   -5.122833e-03,    7.101300e-03,   -9.116778e-05,    2.004506e-04,    5.995094e-02,   -4.060281e-02,   -1.443901e+00,   -5.468026e-02,    1.352410e+00,   -7.920170e-02,   -1.088377e-01,   -4.002693e-02,    1.685500e-06,   -1.456200e-06,    4.459400e-03,   -7.312300e-03,   -4.549100e-03,    7.067700e-03,   -1.373400e-04,    1.834700e-04,    4.242300e-04,    4.242300e-04,    4.242300e-04,    4.242300e-04,    4.242300e-04,    4.242300e-04,    4.242300e-04,    4.242300e-04,
        20,    1.000000e+00,   -2.209193e-04,   -8.868381e-04,    2.036796e-02,   -2.837851e-02,   -2.009394e-02,    2.748399e-02,   -9.967797e-05,    2.461264e-03,    9.941047e-02,   -1.656305e-02,    2.115874e-01,   -2.795124e-02,   -1.758564e-01,   -1.325037e-02,    4.697047e-03,   -5.559760e-04,   -4.847200e-05,   -9.155700e-04,    2.073500e-02,   -2.842700e-02,   -2.039900e-02,    2.746100e-02,   -9.153000e-05,    2.460300e-03,    1.734700e-03,    1.734700e-03,    1.734700e-03,    1.734700e-03,    1.734700e-03,    1.734700e-03,    1.734700e-03,    1.734700e-03,
        21,    1.000000e-03,    2.671131e-05,   -2.458322e-05,    4.146261e-04,   -4.788969e-04,   -3.980784e-04,    4.649319e-04,   -1.977116e-05,    1.459853e-05,    3.623450e-01,   -2.228228e-01,   -1.383652e-01,    1.391043e+00,    4.280957e-01,   -1.562543e+00,   -2.387266e-01,    1.409779e-01,    3.730700e-05,   -3.109900e-05,    4.105800e-04,   -4.382200e-04,   -3.855600e-04,    4.192400e-04,   -2.675200e-05,    1.872100e-05,    2.924200e-05,    2.924200e-05,    2.924200e-05,    2.924200e-05,    2.924200e-05,    2.924200e-05,    2.924200e-05,    2.924200e-05,
        21,    1.000000e-02,    8.105371e-05,   -4.766018e-05,    1.440134e-03,   -1.699870e-03,   -1.386492e-03,    1.687302e-03,   -5.731245e-05,    1.007266e-06,    2.289887e-01,   -9.559651e-02,   -1.301166e+00,    1.612925e+00,    1.491605e+00,   -1.673521e+00,   -1.589777e-01,    5.268336e-02,    1.038500e-04,   -5.717700e-05,    1.310600e-03,   -1.539300e-03,   -1.238000e-03,    1.520700e-03,   -7.313900e-05,    6.252000e-06,    9.955200e-05,    9.955200e-05,    9.955200e-05,    9.955200e-05,    9.955200e-05,    9.955200e-05,    9.955200e-05,    9.955200e-05,
        21,    1.000000e-01,    6.293475e-05,   -1.770075e-04,    4.893015e-03,   -7.064932e-03,   -4.850272e-03,    7.170337e-03,   -4.332107e-06,   -1.564641e-04,    1.211470e-01,   -4.150414e-03,   -1.654666e+00,    4.782308e-02,    1.732847e+00,    5.420069e-02,   -5.463619e-02,   -3.615091e-02,    1.129200e-04,   -1.787200e-04,    4.210300e-03,   -7.045200e-03,   -4.135300e-03,    7.192700e-03,   -2.687500e-05,   -1.713800e-04,    4.126000e-04,    4.126000e-04,    4.126000e-04,    4.126000e-04,    4.126000e-04,    4.126000e-04,    4.126000e-04,    4.126000e-04,
        21,    1.000000e+00,    1.240287e-04,   -2.176229e-03,    1.990394e-02,   -2.753044e-02,   -2.019035e-02,    2.811757e-02,    3.828725e-04,   -6.201684e-04,    2.481992e-02,    1.043291e-02,    2.916853e-01,    1.935073e-02,   -2.827701e-01,   -1.248475e-02,   -6.448846e-02,   -3.340758e-02,    1.669200e-04,   -2.158200e-03,    2.040800e-02,   -2.749700e-02,   -2.067900e-02,    2.809600e-02,    2.714300e-04,   -6.779000e-04,    1.728100e-03,    1.728100e-03,    1.728100e-03,    1.728100e-03,    1.728100e-03,    1.728100e-03,    1.728100e-03,    1.728100e-03,
        22,    1.000000e-03,   -2.302160e-05,    1.935059e-05,    4.022960e-04,   -4.677767e-04,   -4.165154e-04,    4.788432e-04,    3.243662e-05,   -2.611609e-05,   -2.471440e-01,    1.440742e-01,   -3.425267e-01,    1.501620e+00,    1.842480e-01,   -1.381281e+00,    4.084895e-01,   -2.454973e-01,   -3.029900e-05,    2.359300e-05,    3.922100e-04,   -4.235600e-04,   -4.110900e-04,    4.381700e-04,    4.446500e-05,   -3.334500e-05,    2.944600e-05,    2.944600e-05,    2.944600e-05,    2.944600e-05,    2.944600e-05,    2.944600e-05,    2.944600e-05,    2.944600e-05,
        22,    1.000000e-02,   -7.046825e-05,    2.866930e-05,    1.403486e-03,   -1.679366e-03,   -1.445093e-03,    1.693232e-03,    1.014136e-04,   -2.423729e-05,   -1.273504e-01,    5.958124e-02,   -1.435369e+00,    1.634519e+00,    1.317239e+00,   -1.567066e+00,    2.419877e-01,   -9.900033e-02,   -8.318100e-05,    3.461700e-05,    1.260200e-03,   -1.516200e-03,   -1.313600e-03,    1.536800e-03,    1.255700e-04,   -3.412000e-05,    9.982500e-05,    9.982500e-05,    9.982500e-05,    9.982500e-05,    9.982500e-05,    9.982500e-05,    9.982500e-05,    9.982500e-05,
        22,    1.000000e-01,   -4.041689e-05,    2.966729e-05,    4.887692e-03,   -6.981660e-03,   -4.948102e-03,    6.931635e-03,    5.972718e-05,    1.612253e-04,   -9.002550e-02,    2.290693e-02,   -1.699855e+00,   -4.004681e-02,    1.623169e+00,    3.765564e-02,    1.433787e-01,    2.986235e-02,   -7.715000e-05,    3.901400e-05,    4.194100e-03,   -6.998000e-03,   -4.285800e-03,    6.947000e-03,    1.182300e-04,    1.734100e-04,    4.080300e-04,    4.080300e-04,    4.080300e-04,    4.080300e-04,    4.080300e-04,    4.080300e-04,    4.080300e-04,    4.080300e-04,
        22,    1.000000e+00,   -1.728660e-04,    7.377893e-04,    2.019418e-02,   -2.598704e-02,   -2.011614e-02,    2.573551e-02,   -1.072420e-04,    7.210044e-04,   -4.054228e-02,    8.056334e-03,    2.928321e-01,    2.907517e-02,   -2.674372e-01,   -1.846736e-02,    4.179339e-02,    1.163032e-02,   -2.398500e-04,    7.511000e-04,    2.067800e-02,   -2.593900e-02,   -2.055800e-02,    2.570500e-02,   -3.819100e-05,    7.402200e-04,    1.652200e-03,    1.652200e-03,    1.652200e-03,    1.652200e-03,    1.652200e-03,    1.652200e-03,    1.652200e-03,    1.652200e-03,
        23,    1.000000e-03,   -2.427830e-05,    1.840833e-05,    4.210513e-04,   -4.873503e-04,   -4.836583e-04,    5.382584e-04,    3.329359e-05,   -2.840738e-05,   -2.062842e-01,    1.110180e-01,   -9.143984e-02,    1.160032e+00,   -7.564190e-01,   -5.965959e-01,    4.300692e-01,   -2.568960e-01,   -3.116200e-05,    2.211300e-05,    4.180000e-04,   -4.486400e-04,   -5.089000e-04,    5.183500e-04,    4.764500e-05,   -3.698000e-05,    3.337000e-05,    3.337000e-05,    3.337000e-05,    3.337000e-05,    3.337000e-05,    3.337000e-05,    3.337000e-05,    3.337000e-05,
        23,    1.000000e-02,   -7.248011e-05,    9.722189e-06,    1.467664e-03,   -1.742008e-03,   -1.659799e-03,    1.800592e-03,    1.031615e-04,   -4.068858e-05,   -1.023717e-01,    3.722555e-02,   -1.144214e+00,    1.319164e+00,    5.290837e-01,   -1.103567e+00,    2.818950e-01,   -6.903109e-02,   -8.374100e-05,    1.381700e-05,    1.341800e-03,   -1.596900e-03,   -1.601600e-03,    1.679200e-03,    1.341700e-04,   -4.828200e-05,    1.100000e-04,    1.100000e-04,    1.100000e-04,    1.100000e-04,    1.100000e-04,    1.100000e-04,    1.100000e-04,    1.100000e-04,
        23,    1.000000e-01,    1.915971e-05,   -9.583722e-05,    5.087248e-03,   -7.106614e-03,   -5.338343e-03,    6.852746e-03,    3.955742e-05,   -2.955182e-05,   -5.728346e-02,    5.173009e-03,   -1.415820e+00,   -5.357481e-02,    1.150392e+00,   -1.058938e-01,    9.976552e-02,    1.065754e-01,   -4.883300e-06,   -9.366600e-05,    4.493000e-03,   -7.129100e-03,   -4.855500e-03,    6.808300e-03,    8.143100e-05,    1.518000e-05,    4.197200e-04,    4.197200e-04,    4.197200e-04,    4.197200e-04,    4.197200e-04,    4.197200e-04,    4.197200e-04,    4.197200e-04,
        23,    1.000000e+00,    1.115763e-04,    1.465324e-04,    1.996198e-02,   -2.678833e-02,   -2.029284e-02,    2.450205e-02,   -2.075256e-04,   -1.285750e-03,   -7.248856e-02,   -2.461813e-03,    2.191847e-01,   -2.850166e-03,   -9.411275e-02,    3.023648e-03,   -1.168770e-02,    3.940779e-02,   -7.160000e-06,    1.425000e-04,    2.032100e-02,   -2.679300e-02,   -2.044700e-02,    2.450700e-02,   -2.266700e-04,   -1.221200e-03,    1.638000e-03,    1.638000e-03,    1.638000e-03,    1.638000e-03,    1.638000e-03,    1.638000e-03,    1.638000e-03,    1.638000e-03,
        24,    1.000000e-03,   -3.205706e-05,    2.716868e-05,    4.556046e-04,   -5.257267e-04,   -5.732542e-04,    6.191977e-04,    4.258162e-05,   -3.642427e-05,   -2.066549e-01,    1.147572e-01,    2.875925e-01,    7.222858e-01,   -1.396163e+00,    1.939567e-02,    5.299796e-01,   -3.294421e-01,   -4.007300e-05,    3.162000e-05,    4.667600e-04,   -4.977100e-04,   -6.274100e-04,    6.199500e-04,    6.313900e-05,   -4.920300e-05,    3.878900e-05,    3.878900e-05,    3.878900e-05,    3.878900e-05,    3.878900e-05,    3.878900e-05,    3.878900e-05,    3.878900e-05,
        24,    1.000000e-02,   -9.570942e-05,    4.046585e-05,    1.585187e-03,   -1.876435e-03,   -1.939504e-03,    1.964809e-03,    1.309056e-04,   -5.386930e-05,   -1.122772e-01,    6.567308e-02,   -7.380097e-01,    9.115474e-01,   -9.731728e-02,   -5.578427e-01,    3.823366e-01,   -9.804262e-02,   -1.097800e-04,    4.869600e-05,    1.492700e-03,   -1.762200e-03,   -1.951700e-03,    1.894900e-03,    1.788200e-04,   -6.615600e-05,    1.253200e-04,    1.253200e-04,    1.253200e-04,    1.253200e-04,    1.253200e-04,    1.253200e-04,    1.253200e-04,    1.253200e-04,
        24,    1.000000e-01,   -2.159278e-05,    1.307271e-04,    5.441319e-03,   -7.591745e-03,   -5.779781e-03,    7.103690e-03,    7.258538e-05,   -5.754587e-05,   -7.421481e-02,    1.861998e-02,   -8.969833e-01,   -1.262700e-01,    5.162455e-01,   -8.775233e-02,    1.181100e-01,    1.701583e-01,   -5.524400e-05,    1.391700e-04,    5.034600e-03,   -7.649000e-03,   -5.545700e-03,    7.063900e-03,    1.261400e-04,    1.960900e-05,    4.534300e-04,    4.534300e-04,    4.534300e-04,    4.534300e-04,    4.534300e-04,    4.534300e-04,    4.534300e-04,    4.534300e-04,
        24,    1.000000e+00,   -3.557113e-04,    1.943657e-03,    2.037882e-02,   -3.040885e-02,   -2.040438e-02,    2.716138e-02,   -5.852847e-05,   -1.457195e-03,   -4.830970e-02,    5.492912e-02,    4.425383e-02,    3.308757e-03,   -3.488040e-02,    4.336972e-02,   -5.429418e-02,    4.952479e-02,   -4.410600e-04,    2.040700e-03,    2.045700e-02,   -3.040300e-02,   -2.046600e-02,    2.723800e-02,   -1.544500e-04,   -1.369700e-03,    1.766700e-03,    1.766700e-03,    1.766700e-03,    1.766700e-03,    1.766700e-03,    1.766700e-03,    1.766700e-03,    1.766700e-03,
        25,    1.000000e-03,    6.072186e-05,   -4.971726e-05,    5.084006e-04,   -5.682508e-04,   -5.611774e-04,    6.095404e-04,   -7.830428e-05,    6.681942e-05,    5.260404e-01,   -3.247171e-01,    8.512829e-01,    3.088503e-01,   -1.261507e+00,   -2.393474e-02,   -8.113991e-01,    5.198501e-01,    8.226900e-05,   -6.301800e-05,    5.432700e-04,   -5.556000e-04,   -6.128500e-04,    6.085600e-04,   -1.115400e-04,    8.811300e-05,    4.096100e-05,    4.096100e-05,    4.096100e-05,    4.096100e-05,    4.096100e-05,    4.096100e-05,    4.096100e-05,    4.096100e-05,
        25,    1.000000e-02,    1.817549e-04,   -5.056084e-05,    1.752185e-03,   -1.912301e-03,   -1.905871e-03,    1.956191e-03,   -2.373183e-04,    9.564460e-05,    3.802202e-01,   -1.415541e-01,   -2.854421e-01,    7.000138e-01,   -3.804135e-02,   -5.525313e-01,   -6.286311e-01,    2.108930e-01,    2.310200e-04,   -6.890200e-05,    1.715200e-03,   -1.821600e-03,   -1.910800e-03,    1.884600e-03,   -3.187700e-04,    1.229700e-04,    1.295700e-04,    1.295700e-04,    1.295700e-04,    1.295700e-04,    1.295700e-04,    1.295700e-04,    1.295700e-04,    1.295700e-04,
        25,    1.000000e-01,    7.530734e-05,    6.984645e-05,    5.665167e-03,   -7.141721e-03,   -5.773718e-03,    7.055039e-03,   -2.031229e-04,    5.714671e-05,    1.488803e-01,    9.079914e-02,   -6.630306e-01,   -2.387526e-02,    4.907743e-01,   -8.727920e-02,   -2.255743e-01,   -2.386700e-01,    1.419000e-04,    1.104600e-04,    5.368600e-03,   -7.152400e-03,   -5.554200e-03,    7.016000e-03,   -3.040200e-04,   -4.960800e-05,    4.472900e-04,    4.472900e-04,    4.472900e-04,    4.472900e-04,    4.472900e-04,    4.472900e-04,    4.472900e-04,    4.472900e-04,
        25,    1.000000e+00,   -1.642444e-05,   -5.806465e-04,    2.030390e-02,   -2.668904e-02,   -2.042552e-02,    2.664103e-02,   -2.177298e-04,    1.546300e-03,    3.709580e-02,   -4.581454e-02,    4.823365e-03,   -3.452610e-02,    3.286273e-03,   -1.210305e-03,    5.863699e-02,   -2.013319e-02,    4.585200e-05,   -6.575600e-04,    2.031200e-02,   -2.674700e-02,   -2.042000e-02,    2.663900e-02,   -1.192900e-04,    1.512500e-03,    1.678800e-03,    1.678800e-03,    1.678800e-03,    1.678800e-03,    1.678800e-03,    1.678800e-03,    1.678800e-03,    1.678800e-03,
        26,    1.000000e-03,    5.712312e-05,   -4.905373e-05,    4.935580e-04,   -5.497757e-04,   -4.857866e-04,    5.440451e-04,   -6.294395e-05,    5.207895e-05,    6.502274e-01,   -3.988684e-01,    8.472200e-01,    4.365553e-01,   -7.125841e-01,   -5.067105e-01,   -6.704194e-01,    4.159462e-01,    8.121600e-05,   -6.383300e-05,    5.249500e-04,   -5.336000e-04,   -5.121900e-04,    5.252700e-04,   -8.778500e-05,    6.749100e-05,    3.705300e-05,    3.705300e-05,    3.705300e-05,    3.705300e-05,    3.705300e-05,    3.705300e-05,    3.705300e-05,    3.705300e-05,
        26,    1.000000e-02,    1.730618e-04,   -6.994842e-05,    1.698537e-03,   -1.833098e-03,   -1.669457e-03,    1.845060e-03,   -1.900974e-04,    6.069949e-05,    4.577571e-01,   -1.364534e-01,   -3.822073e-01,    9.236059e-01,    4.715422e-01,   -9.493623e-01,   -4.843756e-01,    1.640016e-01,    2.274800e-04,   -8.617000e-05,    1.653100e-03,   -1.723300e-03,   -1.613400e-03,    1.732200e-03,   -2.476800e-04,    8.019600e-05,    1.188800e-04,    1.188800e-04,    1.188800e-04,    1.188800e-04,    1.188800e-04,    1.188800e-04,    1.188800e-04,    1.188800e-04,
        26,    1.000000e-01,    1.143071e-04,   -8.433816e-05,    5.477925e-03,   -6.838406e-03,   -5.446800e-03,    7.105197e-03,   -1.453710e-04,   -1.006745e-04,    1.602520e-01,    1.242038e-01,   -9.699213e-01,    8.089438e-02,    9.975995e-01,   -4.800786e-02,   -1.856257e-01,   -1.351549e-01,    1.830600e-04,   -3.105100e-05,    5.061800e-03,   -6.803700e-03,   -5.018800e-03,    7.084600e-03,   -2.250100e-04,   -1.586600e-04,    4.290300e-04,    4.290300e-04,    4.290300e-04,    4.290300e-04,    4.290300e-04,    4.290300e-04,    4.290300e-04,    4.290300e-04,
        26,    1.000000e+00,    8.321840e-05,   -1.839260e-03,    2.006306e-02,   -2.403723e-02,   -2.064524e-02,    2.636502e-02,    8.627576e-05,    1.720841e-04,    1.272960e-02,   -1.141699e-02,    6.523580e-02,   -3.988657e-02,   -6.019930e-02,    1.476648e-02,   -6.001450e-03,    6.795938e-03,    1.038900e-04,   -1.857800e-03,    2.016900e-02,   -2.410200e-02,   -2.074300e-02,    2.638900e-02,    7.653000e-05,    1.831200e-04,    1.623900e-03,    1.623900e-03,    1.623900e-03,    1.623900e-03,    1.623900e-03,    1.623900e-03,    1.623900e-03,    1.623900e-03,
        27,    1.000000e-03,    2.371209e-05,   -1.835009e-05,    4.605833e-04,   -5.182346e-04,   -4.180483e-04,    4.857895e-04,   -2.754807e-05,    2.064529e-05,    3.457050e-01,   -2.011729e-01,    5.344675e-01,    8.162282e-01,    1.144102e-01,   -1.200294e+00,   -2.713049e-01,    1.619709e-01,    3.488700e-05,   -2.485300e-05,    4.778600e-04,   -4.918500e-04,   -4.143500e-04,    4.469900e-04,   -3.631800e-05,    2.588100e-05,    3.232500e-05,    3.232500e-05,    3.232500e-05,    3.232500e-05,    3.232500e-05,    3.232500e-05,    3.232500e-05,    3.232500e-05,
        27,    1.000000e-02,    7.099348e-05,   -5.541926e-06,    1.587844e-03,   -1.757640e-03,   -1.455226e-03,    1.753886e-03,   -7.976281e-05,    5.052835e-06,    2.280100e-01,   -3.531610e-02,   -7.391485e-01,    1.266654e+00,    1.176270e+00,   -1.353606e+00,   -1.812820e-01,    6.915859e-02,    9.550000e-05,   -9.337700e-06,    1.508400e-03,   -1.621500e-03,   -1.328800e-03,    1.608400e-03,   -9.924700e-05,    1.248600e-05,    1.074800e-04,    1.074800e-04,    1.074800e-04,    1.074800e-04,    1.074800e-04,    1.074800e-04,    1.074800e-04,    1.074800e-04,
        27,    1.000000e-01,    1.659661e-05,    1.538874e-04,    5.157595e-03,   -6.858146e-03,   -5.090934e-03,    7.285249e-03,   -4.710069e-06,   -1.640164e-04,    4.403989e-02,    6.277273e-02,   -1.328446e+00,    1.282637e-01,    1.430252e+00,    7.039058e-02,   -6.670144e-02,   -9.775015e-03,    3.508500e-05,    1.802400e-04,    4.599900e-03,   -6.804300e-03,   -4.490500e-03,    7.314800e-03,   -3.271200e-05,   -1.681200e-04,    4.198100e-04,    4.198100e-04,    4.198100e-04,    4.198100e-04,    4.198100e-04,    4.198100e-04,    4.198100e-04,    4.198100e-04,
        27,    1.000000e+00,   -3.127898e-05,    8.697163e-04,    2.007490e-02,   -2.510652e-02,   -2.043236e-02,    2.838234e-02,    2.005193e-04,   -5.359454e-04,    1.979296e-02,    2.919309e-02,    1.714917e-01,    8.615055e-03,   -1.985058e-01,    5.138456e-03,   -7.695828e-02,   -5.881238e-03,    2.088000e-06,    9.189300e-04,    2.036400e-02,   -2.509200e-02,   -2.076700e-02,    2.839100e-02,    7.078300e-05,   -5.458600e-04,    1.685800e-03,    1.685800e-03,    1.685800e-03,    1.685800e-03,    1.685800e-03,    1.685800e-03,    1.685800e-03,    1.685800e-03,
        28,    1.000000e-03,   -3.177995e-05,    2.354055e-05,    4.976232e-04,   -5.574393e-04,   -4.246446e-04,    4.907654e-04,    2.247237e-05,   -1.537400e-05,   -3.925361e-01,    2.361067e-01,    8.955254e-01,    5.004031e-01,    6.648663e-02,   -1.096298e+00,    1.774467e-01,   -9.996795e-02,   -4.520900e-05,    3.161800e-05,    5.282600e-04,   -5.403200e-04,   -4.223700e-04,    4.532600e-04,    2.854300e-05,   -1.879400e-05,    3.421100e-05,    3.421100e-05,    3.421100e-05,    3.421100e-05,    3.421100e-05,    3.421100e-05,    3.421100e-05,    3.421100e-05,
        28,    1.000000e-02,   -9.861519e-05,    6.061221e-06,    1.707802e-03,   -1.879931e-03,   -1.475841e-03,    1.756280e-03,    6.891229e-05,    1.041147e-05,   -2.445775e-01,    6.407451e-02,   -4.283732e-01,    1.010986e+00,    1.083648e+00,   -1.245063e+00,    8.879287e-02,   -4.540113e-02,   -1.262500e-04,    1.330100e-05,    1.659400e-03,   -1.765700e-03,   -1.353400e-03,    1.615600e-03,    7.894500e-05,    5.281600e-06,    1.129900e-04,    1.129900e-04,    1.129900e-04,    1.129900e-04,    1.129900e-04,    1.129900e-04,    1.129900e-04,    1.129900e-04,
        28,    1.000000e-01,   -6.870105e-05,   -3.069898e-04,    5.452446e-03,   -7.398752e-03,   -5.141285e-03,    7.198725e-03,   -5.127712e-06,    3.128737e-04,   -8.916227e-02,   -7.478522e-02,   -1.019064e+00,    6.652338e-02,    1.320033e+00,    1.034406e-01,    7.271870e-02,   -2.849352e-02,   -1.076400e-04,   -3.396500e-04,    5.007400e-03,   -7.369700e-03,   -4.564800e-03,    7.243900e-03,    2.663000e-05,    3.004300e-04,    4.367200e-04,    4.367200e-04,    4.367200e-04,    4.367200e-04,    4.367200e-04,    4.367200e-04,    4.367200e-04,    4.367200e-04,
        28,    1.000000e+00,   -2.981288e-04,   -2.718519e-03,    2.116706e-02,   -2.882635e-02,   -2.022618e-02,    2.740132e-02,   -1.180509e-04,    2.241893e-03,    1.158675e-02,   -1.003518e-02,    5.875906e-02,   -2.263037e-02,   -1.842663e-01,   -9.316331e-03,    5.158564e-02,   -1.480179e-03,   -2.778300e-04,   -2.736100e-03,    2.127000e-02,   -2.886600e-02,   -2.054900e-02,    2.738500e-02,   -2.767800e-05,    2.239300e-03,    1.751900e-03,    1.751900e-03,    1.751900e-03,    1.751900e-03,    1.751900e-03,    1.751900e-03,    1.751900e-03,    1.751900e-03,
        29,    1.000000e-03,   -4.786594e-05,    4.006486e-05,    4.751396e-04,   -5.338909e-04,   -4.968475e-04,    5.524812e-04,    5.698417e-05,   -4.828469e-05,   -4.480590e-01,    2.656193e-01,    5.658901e-01,    6.202783e-01,   -8.257957e-01,   -4.281970e-01,    5.886614e-01,   -3.547274e-01,   -6.426400e-05,    4.978600e-05,    4.958500e-04,   -5.111900e-04,   -5.270700e-04,    5.368100e-04,    7.852800e-05,   -6.126700e-05,    3.659800e-05,    3.659800e-05,    3.659800e-05,    3.659800e-05,    3.659800e-05,    3.659800e-05,    3.659800e-05,    3.659800e-05,
        29,    1.000000e-02,   -1.447747e-04,    5.580905e-05,    1.640969e-03,   -1.813078e-03,   -1.705047e-03,    1.850134e-03,    1.756179e-04,   -6.664668e-05,   -2.808549e-01,    9.476138e-02,   -5.939047e-01,    9.864178e-01,    3.818211e-01,   -8.987446e-01,    3.938980e-01,   -1.198366e-01,   -1.779100e-04,    6.698900e-05,    1.570900e-03,   -1.696700e-03,   -1.660000e-03,    1.744100e-03,    2.220900e-04,   -8.078500e-05,    1.179800e-04,    1.179800e-04,    1.179800e-04,    1.179800e-04,    1.179800e-04,    1.179800e-04,    1.179800e-04,    1.179800e-04,
        29,    1.000000e-01,   -6.133941e-05,    7.235955e-05,    5.402651e-03,   -6.894906e-03,   -5.506752e-03,    6.968550e-03,    1.024845e-04,   -2.175184e-05,   -1.233176e-01,   -5.783804e-02,   -1.034030e+00,    1.334473e-02,    9.365116e-01,   -6.933934e-02,    1.550175e-01,    1.191905e-01,   -1.140700e-04,    4.762800e-05,    4.960500e-03,   -6.889200e-03,   -5.106300e-03,    6.938900e-03,    1.687700e-04,    2.921400e-05,    4.276000e-04,    4.276000e-04,    4.276000e-04,    4.276000e-04,    4.276000e-04,    4.276000e-04,    4.276000e-04,    4.276000e-04,
        29,    1.000000e+00,   -2.872256e-05,    1.858895e-03,    2.026333e-02,   -2.422982e-02,   -2.033597e-02,    2.511257e-02,    1.429458e-04,   -1.304913e-03,   -4.699697e-02,    9.060375e-03,    8.724701e-02,   -3.235979e-03,   -4.187318e-02,    2.770237e-03,    1.245648e-03,   -1.098540e-02,   -1.039600e-04,    1.873400e-03,    2.040300e-02,   -2.423500e-02,   -2.040300e-02,    2.511700e-02,    1.449400e-04,   -1.322500e-03,    1.600900e-03,    1.600900e-03,    1.600900e-03,    1.600900e-03,    1.600900e-03,    1.600900e-03,    1.600900e-03,    1.600900e-03,
        30,    1.000000e-03,   -5.000524e-05,    3.805304e-05,    5.000112e-04,   -5.621288e-04,   -5.691747e-04,    6.175712e-04,    6.322037e-05,   -5.131271e-05,   -4.163202e-01,    2.435188e-01,    7.423515e-01,    3.751998e-01,   -1.284673e+00,    7.068825e-03,    6.379055e-01,   -3.998358e-01,   -6.701400e-05,    4.800200e-05,    5.303400e-04,   -5.468000e-04,   -6.216600e-04,    6.178600e-04,    8.928200e-05,   -6.764800e-05,    4.085500e-05,    4.085500e-05,    4.085500e-05,    4.085500e-05,    4.085500e-05,    4.085500e-05,    4.085500e-05,    4.085500e-05,
        30,    1.000000e-02,   -1.501726e-04,    1.813514e-05,    1.727468e-03,   -1.916272e-03,   -1.931362e-03,    1.980871e-03,    1.934191e-04,   -5.231353e-05,   -2.707348e-01,    8.725749e-02,   -3.652212e-01,    7.245665e-01,   -6.799890e-02,   -5.045052e-01,    4.659607e-01,   -1.467913e-01,   -1.853600e-04,    2.947600e-05,    1.680000e-03,   -1.822100e-03,   -1.940200e-03,    1.915300e-03,    2.539800e-04,   -7.139200e-05,    1.299700e-04,    1.299700e-04,    1.299700e-04,    1.299700e-04,    1.299700e-04,    1.299700e-04,    1.299700e-04,    1.299700e-04,
        30,    1.000000e-01,   -4.720443e-05,   -2.679007e-04,    5.653784e-03,   -7.261161e-03,   -5.843227e-03,    7.145880e-03,    1.123137e-04,    1.683838e-04,   -8.601547e-02,   -7.965218e-02,   -6.682359e-01,   -3.562975e-02,    4.367431e-01,   -6.000531e-02,    1.674459e-01,    1.834516e-01,   -8.616600e-05,   -3.039800e-04,    5.351100e-03,   -7.277300e-03,   -5.645400e-03,    7.118700e-03,    1.881600e-04,    2.514800e-04,    4.529600e-04,    4.529600e-04,    4.529600e-04,    4.529600e-04,    4.529600e-04,    4.529600e-04,    4.529600e-04,    4.529600e-04,
        30,    1.000000e+00,   -1.231366e-04,   -1.572544e-03,    2.027355e-02,   -2.731256e-02,   -2.026467e-02,    2.732789e-02,    1.674870e-04,    5.543292e-04,   -1.842536e-02,    5.199202e-02,   -8.552403e-03,    1.090901e-02,   -4.309449e-03,    2.122600e-02,   -2.755101e-02,    2.615415e-02,   -1.544800e-04,   -1.484100e-03,    2.025900e-02,   -2.729400e-02,   -2.027200e-02,    2.736400e-02,    1.206200e-04,    5.988200e-04,    1.701100e-03,    1.701100e-03,    1.701100e-03,    1.701100e-03,    1.701100e-03,    1.701100e-03,    1.701100e-03,    1.701100e-03,
        31,    1.000000e-03,    7.287171e-05,   -5.767287e-05,    5.711287e-04,   -6.212822e-04,   -5.623147e-04,    6.122970e-04,   -8.033052e-05,    6.694641e-05,    6.341811e-01,   -4.067082e-01,    1.214699e+00,   -1.788170e-04,   -1.052559e+00,   -8.702151e-02,   -6.112293e-01,    3.974812e-01,    1.004700e-04,   -7.537200e-05,    6.239900e-04,   -6.212900e-04,   -6.081200e-04,    6.085100e-04,   -1.069300e-04,    8.424400e-05,    4.351800e-05,    4.351800e-05,    4.351800e-05,    4.351800e-05,    4.351800e-05,    4.351800e-05,    4.351800e-05,    4.351800e-05,
        31,    1.000000e-02,    2.155915e-04,   -4.321054e-05,    1.949037e-03,   -1.987759e-03,   -1.915243e-03,    1.978577e-03,   -2.372779e-04,    8.579547e-05,    4.937143e-01,   -1.881886e-01,    3.789097e-02,    4.172492e-01,    7.442998e-02,   -4.423324e-01,   -4.856686e-01,    2.218722e-01,    2.828700e-04,   -6.885500e-05,    1.954200e-03,   -1.930900e-03,   -1.905100e-03,    1.918300e-03,   -3.034600e-04,    1.160300e-04,    1.362700e-04,    1.362700e-04,    1.362700e-04,    1.362700e-04,    1.362700e-04,    1.362700e-04,    1.362700e-04,    1.362700e-04,
        31,    1.000000e-01,    9.586489e-05,    2.181099e-04,    5.940691e-03,   -6.926654e-03,   -5.908772e-03,    7.014165e-03,   -1.315144e-04,    8.894268e-05,    1.826031e-01,    1.730259e-01,   -2.647519e-01,   -6.475475e-02,    2.906604e-01,    9.243884e-02,   -2.285876e-01,   -1.450656e-01,    1.789000e-04,    2.967900e-04,    5.820300e-03,   -6.956100e-03,   -5.776600e-03,    7.056200e-03,   -2.354600e-04,    2.297700e-05,    4.547300e-04,    4.547300e-04,    4.547300e-04,    4.547300e-04,    4.547300e-04,    4.547300e-04,    4.547300e-04,    4.547300e-04,
        31,    1.000000e+00,    4.353837e-05,    9.265455e-04,    2.004895e-02,   -2.548457e-02,   -2.045275e-02,    2.572715e-02,   -9.891355e-06,    2.470288e-03,   -3.464754e-03,    1.992108e-03,    2.206604e-02,    5.856333e-03,   -2.402645e-02,    1.582460e-02,   -9.963668e-03,   -3.848921e-03,    3.787800e-05,    9.298000e-04,    2.008500e-02,   -2.547500e-02,   -2.049200e-02,    2.575300e-02,   -2.616900e-05,    2.464000e-03,    1.633700e-03,    1.633700e-03,    1.633700e-03,    1.633700e-03,    1.633700e-03,    1.633700e-03,    1.633700e-03,    1.633700e-03,
        32,    1.000000e-03,    6.854817e-05,   -5.874059e-05,    5.649157e-04,   -6.142619e-04,   -4.940727e-04,    5.542813e-04,   -6.180753e-05,    5.094178e-05,    7.940610e-01,   -5.059942e-01,    1.388336e+00,   -3.135730e-02,   -6.601694e-01,   -4.251075e-01,   -4.722420e-01,    2.960489e-01,    1.006600e-04,   -7.920300e-05,    6.210600e-04,   -6.155300e-04,   -5.207700e-04,    5.370900e-04,   -8.090500e-05,    6.291400e-05,    4.044000e-05,    4.044000e-05,    4.044000e-05,    4.044000e-05,    4.044000e-05,    4.044000e-05,    4.044000e-05,    4.044000e-05,
        32,    1.000000e-02,    2.075498e-04,   -8.350794e-05,    1.924657e-03,   -1.960328e-03,   -1.700283e-03,    1.892478e-03,   -1.840079e-04,    5.881202e-05,    6.067913e-01,   -1.682789e-01,    1.155692e-01,    5.444816e-01,    4.234464e-01,   -7.512073e-01,   -3.477543e-01,    1.561160e-01,    2.854800e-04,   -1.051200e-04,    1.939500e-03,   -1.890400e-03,   -1.645900e-03,    1.796000e-03,   -2.286700e-04,    7.886200e-05,    1.284300e-04,    1.284300e-04,    1.284300e-04,    1.284300e-04,    1.284300e-04,    1.284300e-04,    1.284300e-04,    1.284300e-04,
        32,    1.000000e-01,    1.402810e-04,   -9.783107e-05,    5.812362e-03,   -6.968789e-03,   -5.576142e-03,    7.230746e-03,   -9.435126e-05,   -2.591282e-05,    1.705721e-01,    2.488167e-01,   -4.912413e-01,    1.237024e-01,    7.231863e-01,    4.248509e-02,   -1.627712e-01,   -5.129597e-02,    2.163800e-04,    1.317600e-05,    5.593200e-03,   -6.913600e-03,   -5.253500e-03,    7.249700e-03,   -1.669700e-04,   -4.879800e-05,    4.461400e-04,    4.461400e-04,    4.461400e-04,    4.461400e-04,    4.461400e-04,    4.461400e-04,    4.461400e-04,    4.461400e-04,
        32,    1.000000e+00,   -7.802384e-05,   -2.118775e-03,    2.001335e-02,   -2.577585e-02,   -2.010028e-02,    2.774220e-02,    3.486083e-04,    1.323864e-03,   -4.624262e-02,    2.384307e-02,   -1.695230e-02,   -1.444110e-02,   -2.614283e-02,   -1.314647e-03,   -5.808320e-02,    5.551052e-02,   -1.553600e-04,   -2.078900e-03,    1.998500e-02,   -2.580000e-02,   -2.014400e-02,    2.774000e-02,    2.514700e-04,    1.416700e-03,    1.672400e-03,    1.672400e-03,    1.672400e-03,    1.672400e-03,    1.672400e-03,    1.672400e-03,    1.672400e-03,    1.672400e-03,
        33,    1.000000e-03,    4.386967e-05,   -3.638491e-05,    5.797042e-04,   -6.261842e-04,   -4.509821e-04,    5.171589e-04,   -3.510502e-05,    2.668722e-05,    6.074465e-01,   -3.868208e-01,    1.540058e+00,   -8.565805e-02,   -2.603322e-01,   -7.288470e-01,   -2.626774e-01,    1.659871e-01,    6.745500e-05,   -5.140400e-05,    6.395000e-04,   -6.295100e-04,   -4.610900e-04,    4.888600e-04,   -4.530400e-05,    3.313200e-05,    3.882700e-05,    3.882700e-05,    3.882700e-05,    3.882700e-05,    3.882700e-05,    3.882700e-05,    3.882700e-05,    3.882700e-05,
        33,    1.000000e-02,    1.321674e-04,   -4.022457e-05,    1.967263e-03,   -1.971039e-03,   -1.565592e-03,    1.832625e-03,   -1.023119e-04,    1.180612e-05,    4.653567e-01,   -1.070885e-01,    1.806252e-01,    5.429146e-01,    7.501177e-01,   -9.267087e-01,   -1.949033e-01,    9.319455e-02,    1.902300e-04,   -5.358600e-05,    1.989800e-03,   -1.903300e-03,   -1.472000e-03,    1.717000e-03,   -1.266300e-04,    2.343400e-05,    1.247700e-04,    1.247700e-04,    1.247700e-04,    1.247700e-04,    1.247700e-04,    1.247700e-04,    1.247700e-04,    1.247700e-04,
        33,    1.000000e-01,    9.426914e-05,    6.773650e-05,    5.801284e-03,   -7.009852e-03,   -5.403033e-03,    7.273475e-03,   -2.393575e-05,   -1.840689e-04,    1.001190e-01,    2.042250e-01,   -5.004377e-01,    1.259105e-01,    9.436372e-01,    1.177490e-01,   -9.218969e-02,   -1.937771e-02,    1.387600e-04,    1.584900e-04,    5.578900e-03,   -6.953900e-03,   -4.983700e-03,    7.325800e-03,   -6.490300e-05,   -1.926800e-04,    4.443800e-04,    4.443800e-04,    4.443800e-04,    4.443800e-04,    4.443800e-04,    4.443800e-04,    4.443800e-04,    4.443800e-04,
        33,    1.000000e+00,   -8.705856e-05,    1.485798e-05,    2.009994e-02,   -2.653747e-02,   -2.016404e-02,    2.772300e-02,    3.990022e-04,   -6.487253e-04,   -4.372906e-02,    3.385230e-02,    2.366894e-02,   -4.462523e-02,   -3.779166e-02,    9.453315e-03,   -6.844443e-02,   -1.621693e-03,   -1.610700e-04,    7.215300e-05,    2.014000e-02,   -2.661300e-02,   -2.022800e-02,    2.773900e-02,    2.831600e-04,   -6.514700e-04,    1.692500e-03,    1.692500e-03,    1.692500e-03,    1.692500e-03,    1.692500e-03,    1.692500e-03,    1.692500e-03,    1.692500e-03,
        34,    1.000000e-03,   -4.160763e-05,    3.405025e-05,    5.793976e-04,   -6.259237e-04,   -4.456104e-04,    5.120594e-04,    2.765141e-05,   -2.212930e-05,   -5.170915e-01,    3.245215e-01,    1.496344e+00,   -4.670272e-02,   -1.949885e-01,   -7.768549e-01,    1.465496e-01,   -8.243727e-02,   -6.149600e-05,    4.653200e-05,    6.369500e-04,   -6.277200e-04,   -4.531100e-04,    4.821800e-04,    3.328800e-05,   -2.530000e-05,    3.846200e-05,    3.846200e-05,    3.846200e-05,    3.846200e-05,    3.846200e-05,    3.846200e-05,    3.846200e-05,    3.846200e-05,
        34,    1.000000e-02,   -1.268056e-04,    4.166141e-05,    1.966481e-03,   -1.972641e-03,   -1.549787e-03,    1.820407e-03,    8.484724e-05,   -1.918751e-05,   -3.653877e-01,    8.405187e-02,    1.308106e-01,    5.544081e-01,    8.056080e-01,   -9.436830e-01,    7.431052e-02,   -5.499229e-02,   -1.721100e-04,    5.208300e-05,    1.982700e-03,   -1.903900e-03,   -1.449900e-03,    1.703400e-03,    9.406100e-05,   -2.600600e-05,    1.239900e-04,    1.239900e-04,    1.239900e-04,    1.239900e-04,    1.239900e-04,    1.239900e-04,    1.239900e-04,    1.239900e-04,
        34,    1.000000e-01,   -6.293311e-05,   -1.935671e-05,    5.817521e-03,   -7.019886e-03,   -5.403796e-03,    7.206650e-03,    7.992880e-06,    6.860554e-05,   -9.552063e-02,   -1.802894e-01,   -4.963764e-01,    9.612606e-02,    9.471603e-01,    1.534703e-01,    7.509147e-02,   -3.051286e-02,   -1.053500e-04,   -9.941600e-05,    5.597100e-03,   -6.977200e-03,   -4.983200e-03,    7.274800e-03,    4.133800e-05,    5.505600e-05,    4.440600e-04,    4.440600e-04,    4.440600e-04,    4.440600e-04,    4.440600e-04,    4.440600e-04,    4.440600e-04,    4.440600e-04,
        34,    1.000000e+00,   -1.790720e-05,    6.303905e-04,    2.041482e-02,   -2.611423e-02,   -2.044753e-02,    2.673877e-02,    9.439822e-05,   -9.141266e-05,    4.422629e-02,   -3.994768e-02,    3.778131e-02,   -3.455006e-02,   -4.752276e-02,   -3.932916e-02,    5.382836e-02,   -4.023881e-02,    5.604800e-05,    5.635900e-04,    2.047800e-02,   -2.617200e-02,   -2.052700e-02,    2.667300e-02,    1.844100e-04,   -1.587000e-04,    1.672200e-03,    1.672200e-03,    1.672200e-03,    1.672200e-03,    1.672200e-03,    1.672200e-03,    1.672200e-03,    1.672200e-03,
        35,    1.000000e-03,   -7.438824e-05,    5.940930e-05,    5.687841e-04,   -6.189642e-04,   -5.115217e-04,    5.706899e-04,    6.420672e-05,   -4.866506e-05,   -7.556432e-01,    4.800043e-01,    1.347671e+00,   -2.886640e-02,   -7.973218e-01,   -3.015131e-01,    4.588711e-01,   -2.838678e-01,   -1.056900e-04,    7.929300e-05,    6.246100e-04,   -6.201600e-04,   -5.445500e-04,    5.582000e-04,    8.321500e-05,   -6.042400e-05,    4.142400e-05,    4.142400e-05,    4.142400e-05,    4.142400e-05,    4.142400e-05,    4.142400e-05,    4.142400e-05,    4.142400e-05,
        35,    1.000000e-02,   -2.274030e-04,    5.633050e-05,    1.938473e-03,   -1.981661e-03,   -1.758404e-03,    1.929311e-03,    1.951589e-04,   -1.970975e-05,   -5.507585e-01,    1.769486e-01,    1.045893e-01,    5.223693e-01,    2.948864e-01,   -6.537982e-01,    3.161987e-01,   -1.493505e-01,   -2.996900e-04,    7.955500e-05,    1.952200e-03,   -1.913100e-03,   -1.719700e-03,    1.843500e-03,    2.366600e-04,   -3.931200e-05,    1.312500e-04,    1.312500e-04,    1.312500e-04,    1.312500e-04,    1.312500e-04,    1.312500e-04,    1.312500e-04,    1.312500e-04,
        35,    1.000000e-01,   -1.602719e-04,   -2.663565e-04,    5.859133e-03,   -7.085368e-03,   -5.716529e-03,    7.245702e-03,    8.744035e-05,    4.691143e-04,   -1.971027e-01,   -2.301093e-01,   -4.506026e-01,    1.112357e-01,    5.932618e-01,    5.697455e-02,    1.810946e-01,    6.586948e-02,   -2.495200e-04,   -3.705500e-04,    5.655100e-03,   -7.035000e-03,   -5.447900e-03,    7.271500e-03,    1.694400e-04,    4.989400e-04,    4.528000e-04,    4.528000e-04,    4.528000e-04,    4.528000e-04,    4.528000e-04,    4.528000e-04,    4.528000e-04,    4.528000e-04,
        35,    1.000000e+00,   -2.808595e-04,   -1.601036e-03,    2.040460e-02,   -2.617696e-02,   -2.031769e-02,    2.750619e-02,   -6.079068e-05,    3.253644e-03,    4.445602e-02,   -8.174035e-03,   -3.361238e-02,   -1.130580e-02,    2.786866e-03,    4.810529e-04,    4.002054e-02,   -2.217702e-02,   -2.060000e-04,   -1.614800e-03,    2.034800e-02,   -2.619600e-02,   -2.031300e-02,    2.750700e-02,    6.599900e-06,    3.216300e-03,    1.683900e-03,    1.683900e-03,    1.683900e-03,    1.683900e-03,    1.683900e-03,    1.683900e-03,    1.683900e-03,    1.683900e-03,
        36,    1.000000e-03,   -6.623911e-05,    5.251794e-05,    5.702376e-04,   -6.274989e-04,   -5.635457e-04,    6.148491e-04,    7.066537e-05,   -5.482034e-05,   -5.327426e-01,    3.334570e-01,    1.134794e+00,    4.580338e-02,   -1.086716e+00,   -5.382832e-02,    5.235020e-01,   -3.303084e-01,   -8.948800e-05,    6.707000e-05,    6.197600e-04,   -6.255000e-04,   -6.109700e-04,    6.125000e-04,    9.351100e-05,   -6.923500e-05,    4.364000e-05,    4.364000e-05,    4.364000e-05,    4.364000e-05,    4.364000e-05,    4.364000e-05,    4.364000e-05,    4.364000e-05,
        36,    1.000000e-02,   -1.961916e-04,    4.764869e-05,    1.951590e-03,   -2.058355e-03,   -1.921922e-03,    1.995711e-03,    2.121859e-04,   -3.535060e-05,   -3.862106e-01,    1.423517e-01,   -2.386032e-02,    4.253473e-01,    3.569438e-02,   -4.322767e-01,    3.864693e-01,   -1.617070e-01,   -2.494500e-04,    6.727900e-05,    1.948300e-03,   -1.999700e-03,   -1.917000e-03,    1.936100e-03,    2.654800e-04,   -5.765000e-05,    1.379000e-04,    1.379000e-04,    1.379000e-04,    1.379000e-04,    1.379000e-04,    1.379000e-04,    1.379000e-04,    1.379000e-04,
        36,    1.000000e-01,   -4.150374e-05,   -6.126310e-05,    5.990986e-03,   -7.542922e-03,   -5.950015e-03,    7.088003e-03,    6.480752e-05,    3.126648e-04,   -1.185618e-01,   -1.620657e-01,   -2.560310e-01,   -7.366022e-02,    2.852769e-01,    7.306261e-02,    1.628232e-01,    1.360087e-01,   -9.715900e-05,   -1.373400e-04,    5.870800e-03,   -7.577500e-03,   -5.816100e-03,    7.122300e-03,    1.412400e-04,    3.765100e-04,    4.694200e-04,    4.694200e-04,    4.694200e-04,    4.694200e-04,    4.694200e-04,    4.694200e-04,    4.694200e-04,    4.694200e-04,
        36,    1.000000e+00,   -1.556448e-04,    7.940316e-04,    2.067742e-02,   -3.018901e-02,   -2.027112e-02,    2.657148e-02,   -3.048754e-04,    1.270168e-03,   -2.266979e-02,    1.591636e-03,    3.401054e-02,   -1.940122e-02,   -1.305823e-02,    4.139315e-02,    1.476421e-02,   -4.548140e-03,   -1.953600e-04,    7.968200e-04,    2.073700e-02,   -3.022300e-02,   -2.029400e-02,    2.664400e-02,   -2.790100e-04,    1.262200e-03,    1.751900e-03,    1.751900e-03,    1.751900e-03,    1.751900e-03,    1.751900e-03,    1.751900e-03,    1.751900e-03,    1.751900e-03,
